24.7050722714,18,83,38,32.1560272908,7.62611950694,0.706850723771,0.47212060632,0.643348097575,0.742117606745,0.426648619366,33344.1403797
67.7719293933,56,6,76,68.0032389937,10.2230224232,0.706850723771,0.47212060632,0.643348097575,0.742117606745,0.426648619366,314522.064642
15.1491137411,55,86,50,68.2092976293,51.5228694503,0.706850723771,0.47212060632,0.643348097575,0.742117606745,0.426648619366,317390.222408
44.8631828882,75,20,61,50.6640379291,17.9432377416,0.706850723771,0.47212060632,0.643348097575,0.742117606745,0.426648619366,130081.532671
22.0230465502,0,98,56,51.076852574,4.015737611,0.706850723771,0.47212060632,0.643348097575,0.742117606745,0.426648619366,133371.086376
63.3612009239,94,7,35,10.1931794477,45.9526553241,0.706850723771,0.47212060632,0.643348097575,0.742117606745,0.426648619366,1105.95992404
98.4777758373,13,6,92,63.8627008443,0.41515516342,0.706850723771,0.47212060632,0.643348097575,0.742117606745,0.426648619366,260570.011273
32.0535308897,55,81,16,49.0126821698,24.397841979,0.706850723771,0.47212060632,0.643348097575,0.742117606745,0.426648619366,117798.152407
52.7924737902,70,99,11,69.3713788125,42.8846724523,0.706850723771,0.47212060632,0.643348097575,0.742117606745,0.426648619366,334046.969532
1.93739369615,57,30,32,3.11098409582,88.453999471,0.706850723771,0.47212060632,0.643348097575,0.742117606745,0.426648619366,87.4590062827
4.05567937836,3,27,49,62.6570351423,96.3672981772,0.706850723771,0.47212060632,0.643348097575,0.742117606745,0.426648619366,246016.03349
42.1077492626,85,41,35,69.8857284057,10.7710589578,0.706850723771,0.47212060632,0.643348097575,0.742117606745,0.426648619366,341390.66139
39.8766363148,74,26,49,48.5743691723,42.5125670016,0.706850723771,0.47212060632,0.643348097575,0.742117606745,0.426648619366,114601.756856
40.4678443962,7,82,68,12.4012268387,95.1632442773,0.706850723771,0.47212060632,0.643348097575,0.742117606745,0.426648619366,2033.35879507
69.2230489254,13,100,80,48.9635713821,45.4818145023,0.706850723771,0.47212060632,0.643348097575,0.742117606745,0.426648619366,117560.491024
75.604809382,22,77,86,64.1764811893,81.6596818827,0.706850723771,0.47212060632,0.643348097575,0.742117606745,0.426648619366,264470.07293
20.1306866788,95,22,51,62.7311203061,78.1633438555,0.706850723771,0.47212060632,0.643348097575,0.742117606745,0.426648619366,246966.804823
7.02041721517,30,52,13,66.5669037804,40.539164046,0.706850723771,0.47212060632,0.643348097575,0.742117606745,0.426648619366,294997.913649
57.4514694022,29,24,8,59.483139823,17.2463346044,0.706850723771,0.47212060632,0.643348097575,0.742117606745,0.426648619366,210529.053456
69.0574078503,38,62,86,1.40999097989,40.0184634189,0.706850723771,0.47212060632,0.643348097575,0.742117606745,0.426648619366,144.199122596
48.0293884941,38,11,0,87.4799331258,62.54788503,0.706850723771,0.47212060632,0.643348097575,0.742117606745,0.426648619366,669531.361072
31.950806503,25,8,29,18.0112902289,43.0053368676,0.706850723771,0.47212060632,0.643348097575,0.742117606745,0.426648619366,5878.95936612
53.0602916075,94,11,28,97.2501128912,82.5801070837,0.706850723771,0.47212060632,0.643348097575,0.742117606745,0.426648619366,919792.433666
27.6571292991,62,6,51,50.5812930068,53.1584226694,0.706850723771,0.47212060632,0.643348097575,0.742117606745,0.426648619366,129399.07736
45.895433058,35,88,96,72.5826639445,82.4232205465,0.706850723771,0.47212060632,0.643348097575,0.742117606745,0.426648619366,382503.011516
82.2701002701,98,70,18,39.1103106163,18.2380917742,0.706850723771,0.47212060632,0.643348097575,0.742117606745,0.426648619366,59919.1000808
89.2670354965,66,39,79,35.3925261692,85.6338473072,0.706850723771,0.47212060632,0.643348097575,0.742117606745,0.426648619366,44459.8427611
93.2982673602,42,65,88,92.8818461611,4.114849227,0.706850723771,0.47212060632,0.643348097575,0.742117606745,0.426648619366,801414.995468
59.4215378595,14,87,89,72.8973828478,70.5448433703,0.706850723771,0.47212060632,0.643348097575,0.742117606745,0.426648619366,387539.914749
99.2751745794,30,79,44,72.9285315579,82.9824387214,0.706850723771,0.47212060632,0.643348097575,0.742117606745,0.426648619366,388024.204173
3.69014416146,57,40,57,27.6576413047,42.9598011468,0.706850723771,0.47212060632,0.643348097575,0.742117606745,0.426648619366,21225.565517
69.1708415704,47,35,79,81.6061283746,5.99125543054,0.706850723771,0.47212060632,0.643348097575,0.742117606745,0.426648619366,543570.458311
67.4761428531,6,59,69,55.7736013602,1.10069577053,0.706850723771,0.47212060632,0.643348097575,0.742117606745,0.426648619366,173619.543609
57.0018028344,1,93,9,75.122828163,20.5095459469,0.706850723771,0.47212060632,0.643348097575,0.742117606745,0.426648619366,424102.377016
10.3622477905,17,74,37,15.7260264439,77.0258101003,0.706850723771,0.47212060632,0.643348097575,0.742117606745,0.426648619366,3956.54564878
64.7242361904,77,100,58,45.5006684949,37.1242094947,0.706850723771,0.47212060632,0.643348097575,0.742117606745,0.426648619366,94443.2070766
15.0684560675,80,27,15,33.9354063344,78.1472022002,0.706850723771,0.47212060632,0.643348097575,0.742117606745,0.426648619366,39043.6221288
98.2500269332,14,8,89,84.2733901732,80.125519994,0.706850723771,0.47212060632,0.643348097575,0.742117606745,0.426648619366,598630.95725
8.59108509073,24,30,54,4.72281003999,98.5914686797,0.706850723771,0.47212060632,0.643348097575,0.742117606745,0.426648619366,121.640384772
16.4155434735,56,87,24,37.4959616107,73.9644302138,0.706850723771,0.47212060632,0.643348097575,0.742117606745,0.426648619366,52790.6429886
23.8791184133,6,80,59,16.8374293642,19.022779435,0.706850723771,0.47212060632,0.643348097575,0.742117606745,0.426648619366,4876.23421533
36.0084187252,10,60,34,80.1063838793,25.1662974691,0.706850723771,0.47212060632,0.643348097575,0.742117606745,0.426648619366,514136.385184
22.5915367008,36,9,71,87.8429799376,45.2921389741,0.706850723771,0.47212060632,0.643348097575,0.742117606745,0.426648619366,677827.45359
75.9574765939,3,85,89,9.85773922975,18.3907625765,0.706850723771,0.47212060632,0.643348097575,0.742117606745,0.426648619366,1120.16693966
47.3633740354,42,48,44,66.5579072487,82.3374578798,0.706850723771,0.47212060632,0.643348097575,0.742117606745,0.426648619366,294905.42233
39.5929402986,51,54,82,3.46828019678,54.6750434368,0.706850723771,0.47212060632,0.643348097575,0.742117606745,0.426648619366,169.807686898
10.156614207,94,6,27,38.0279630152,51.4658925868,0.706850723771,0.47212060632,0.643348097575,0.742117606745,0.426648619366,54987.2842473
15.3722155989,11,93,31,72.3633941689,6.12358934762,0.706850723771,0.47212060632,0.643348097575,0.742117606745,0.426648619366,379025.046338
3.03344560121,39,48,72,18.5816121048,17.8015173106,0.706850723771,0.47212060632,0.643348097575,0.742117606745,0.426648619366,6504.66572096
97.063785381,45,33,13,52.7827310765,31.269724212,0.706850723771,0.47212060632,0.643348097575,0.742117606745,0.426648619366,147222.344856
92.7944974907,55,61,16,19.7221494674,87.413662966,0.706850723771,0.47212060632,0.643348097575,0.742117606745,0.426648619366,7769.7100253
60.9666632259,35,96,38,74.6742282454,97.5588602006,0.706850723771,0.47212060632,0.643348097575,0.742117606745,0.426648619366,416543.722335
95.8243683618,77,71,39,4.56325834999,93.8067155423,0.706850723771,0.47212060632,0.643348097575,0.742117606745,0.426648619366,339.773435711
85.6829311034,64,1,83,86.9692555408,49.6083778463,0.706850723771,0.47212060632,0.643348097575,0.742117606745,0.426648619366,657951.665201
89.5696882596,66,23,30,35.7880906031,85.6519341815,0.706850723771,0.47212060632,0.643348097575,0.742117606745,0.426648619366,45946.7658334
70.0305786748,51,90,70,18.6715109684,11.8525517979,0.706850723771,0.47212060632,0.643348097575,0.742117606745,0.426648619366,6704.347678
17.0970758403,24,62,70,91.6496226005,5.47457637657,0.706850723771,0.47212060632,0.643348097575,0.742117606745,0.426648619366,769883.194098
57.9586560074,10,70,100,11.8941336725,82.3584937729,0.706850723771,0.47212060632,0.643348097575,0.742117606745,0.426648619366,1804.68011571
19.7468944742,12,53,81,14.5400587914,91.2983098836,0.706850723771,0.47212060632,0.643348097575,0.742117606745,0.426648619366,3139.64008315
32.7552605552,84,25,21,22.3540882032,74.4110776788,0.706850723771,0.47212060632,0.643348097575,0.742117606745,0.426648619366,11290.6353472
66.7115813919,13,64,70,90.1016636086,37.4641393895,0.706850723771,0.47212060632,0.643348097575,0.742117606745,0.426648619366,731610.164965
61.3865284454,83,33,80,14.8378625573,20.5814810645,0.706850723771,0.47212060632,0.643348097575,0.742117606745,0.426648619366,3440.50283865
52.2654822545,92,59,19,8.94896058518,42.7541504222,0.706850723771,0.47212060632,0.643348097575,0.742117606745,0.426648619366,756.37210589
6.59495923901,81,54,85,5.51424402787,1.4308375105,0.706850723771,0.47212060632,0.643348097575,0.742117606745,0.426648619366,177.212284962
20.3381836016,2,46,100,78.2699485872,38.0218996756,0.706850723771,0.47212060632,0.643348097575,0.742117606745,0.426648619366,479563.823802
85.1751386842,16,68,64,86.8482308439,24.872880914,0.706850723771,0.47212060632,0.643348097575,0.742117606745,0.426648619366,655212.274831
11.3872013243,66,58,37,95.5456476692,55.9349590201,0.706850723771,0.47212060632,0.643348097575,0.742117606745,0.426648619366,872300.41783
54.6382485386,62,14,77,86.4569056253,66.2367043203,0.706850723771,0.47212060632,0.643348097575,0.742117606745,0.426648619366,646271.586754
96.1048934383,13,71,60,30.8121141982,83.0221927954,0.706850723771,0.47212060632,0.643348097575,0.742117606745,0.426648619366,29424.863855
12.1358714129,71,100,33,80.1252039862,75.722148109,0.706850723771,0.47212060632,0.643348097575,0.742117606745,0.426648619366,514588.341411
25.0592628648,89,21,37,8.76496598013,92.9490058232,0.706850723771,0.47212060632,0.643348097575,0.742117606745,0.426648619366,795.327158252
62.0383754946,73,96,70,95.2427153589,28.8537597692,0.706850723771,0.47212060632,0.643348097575,0.742117606745,0.426648619366,864072.730116
66.9965751897,4,82,23,76.3922789383,7.42306855096,0.706850723771,0.47212060632,0.643348097575,0.742117606745,0.426648619366,445953.678223
44.6628562767,49,89,7,37.0528731556,96.7560679466,0.706850723771,0.47212060632,0.643348097575,0.742117606745,0.426648619366,50958.0464691
7.30563642795,60,56,61,92.9541188364,61.5115654182,0.706850723771,0.47212060632,0.643348097575,0.742117606745,0.426648619366,803211.15955
84.3014178146,71,73,7,26.3034325843,83.3159733904,0.706850723771,0.47212060632,0.643348097575,0.742117606745,0.426648619366,18424.0540672
16.7539024412,33,12,9,83.4699074646,77.2412002635,0.706850723771,0.47212060632,0.643348097575,0.742117606745,0.426648619366,581615.826889
13.2877424036,6,22,39,13.6707928714,98.9415334939,0.706850723771,0.47212060632,0.643348097575,0.742117606745,0.426648619366,2589.51742259
80.0780412521,53,5,90,28.3892617307,46.9076994037,0.706850723771,0.47212060632,0.643348097575,0.742117606745,0.426648619366,22987.2867186
78.6178907251,47,31,0,87.905149462,20.1211770569,0.706850723771,0.47212060632,0.643348097575,0.742117606745,0.426648619366,679386.232385
42.7373024693,97,43,55,71.4509911299,61.1589516573,0.706850723771,0.47212060632,0.643348097575,0.742117606745,0.426648619366,364896.312793
42.6103497211,16,17,61,51.6963308014,62.6498840069,0.706850723771,0.47212060632,0.643348097575,0.742117606745,0.426648619366,138213.030774
93.8622370888,17,68,40,41.6993512587,38.7603984852,0.706850723771,0.47212060632,0.643348097575,0.742117606745,0.426648619366,72654.592376
8.17237254237,93,16,14,97.9177746222,73.8528198911,0.706850723771,0.47212060632,0.643348097575,0.742117606745,0.426648619366,938761.882338
80.0847667634,76,73,19,13.1349464669,4.80878680711,0.706850723771,0.47212060632,0.643348097575,0.742117606745,0.426648619366,2462.38935574
11.957222099,21,43,89,32.085011321,13.8830574156,0.706850723771,0.47212060632,0.643348097575,0.742117606745,0.426648619366,33103.2362371
94.4494311507,5,77,60,73.6599699867,42.0810808693,0.706850723771,0.47212060632,0.643348097575,0.742117606745,0.426648619366,399829.965357
86.2959539287,62,22,73,87.0268145139,40.7373905211,0.706850723771,0.47212060632,0.643348097575,0.742117606745,0.426648619366,659173.85483
65.237421595,4,58,80,20.0507229985,30.5529822091,0.706850723771,0.47212060632,0.643348097575,0.742117606745,0.426648619366,8180.23842104
88.4081030414,71,8,75,14.0864654486,57.4610188043,0.706850723771,0.47212060632,0.643348097575,0.742117606745,0.426648619366,2958.7015355
7.11182895369,48,67,64,1.45705191529,64.9938048767,0.706850723771,0.47212060632,0.643348097575,0.742117606745,0.426648619366,41.2489528781
48.0946885578,72,77,90,31.5418894964,1.21740926784,0.706850723771,0.47212060632,0.643348097575,0.742117606745,0.426648619366,31525.1895637
47.2862249052,92,46,30,91.2417462764,83.9920513525,0.706850723771,0.47212060632,0.643348097575,0.742117606745,0.426648619366,759613.258652
64.4868300137,45,44,49,94.9245086692,32.9983424929,0.706850723771,0.47212060632,0.643348097575,0.742117606745,0.426648619366,855478.519721
57.3056333154,16,19,63,54.9210196713,59.9330310606,0.706850723771,0.47212060632,0.643348097575,0.742117606745,0.426648619366,165731.148813
40.9729419347,32,75,57,3.16908754011,85.895159812,0.706850723771,0.47212060632,0.643348097575,0.742117606745,0.426648619366,165.882273752
94.2372991046,33,79,20,14.0551897442,67.1434191096,0.706850723771,0.47212060632,0.643348097575,0.742117606745,0.426648619366,2983.72700157
42.0674553182,80,9,24,29.8965631766,74.8453913525,0.706850723771,0.47212060632,0.643348097575,0.742117606745,0.426648619366,26692.3331807
79.0098582902,0,63,49,24.7141071931,0.730049078134,0.706850723771,0.47212060632,0.643348097575,0.742117606745,0.426648619366,15236.4194441
17.6395597589,17,66,73,57.6333754401,20.9382555199,0.706850723771,0.47212060632,0.643348097575,0.742117606745,0.426648619366,191501.982653
34.328407553,65,29,51,43.973034731,34.7265828174,0.706850723771,0.47212060632,0.643348097575,0.742117606745,0.426648619366,85145.2241795
34.1084001023,54,17,77,88.7777061993,2.09287072904,0.706850723771,0.47212060632,0.643348097575,0.742117606745,0.426648619366,699721.793067
38.5596854756,12,97,81,40.3031096722,79.0506094739,0.706850723771,0.47212060632,0.643348097575,0.742117606745,0.426648619366,65594.4702542
15.9030669654,57,65,11,95.8305612457,40.8363028144,0.706850723771,0.47212060632,0.643348097575,0.742117606745,0.426648619366,880164.385259
65.287259568,39,21,48,36.1218296356,92.2488621633,0.706850723771,0.47212060632,0.643348097575,0.742117606745,0.426648619366,47254.3854422
65.8164416727,78,49,66,64.3600118914,34.9895928715,0.706850723771,0.47212060632,0.643348097575,0.742117606745,0.426648619366,266747.637836
86.3914934505,90,22,16,24.142331542,41.2576987575,0.706850723771,0.47212060632,0.643348097575,0.742117606745,0.426648619366,14259.9736732
32.0035625292,59,24,52,8.54854636035,85.493189561,0.706850723771,0.47212060632,0.643348097575,0.742117606745,0.426648619366,719.265367663
5.62031698387,69,83,49,81.3679506097,0.0956945758138,0.706850723771,0.47212060632,0.643348097575,0.742117606745,0.426648619366,538796.464399
61.5497415739,64,40,84,49.1574400759,88.7772378541,0.706850723771,0.47212060632,0.643348097575,0.742117606745,0.426648619366,118947.853112
50.7788867723,74,38,72,71.0784689841,19.8764503743,0.706850723771,0.47212060632,0.643348097575,0.742117606745,0.426648619366,359115.130339
69.7614360276,40,5,15,60.0865016621,82.7430398986,0.706850723771,0.47212060632,0.643348097575,0.742117606745,0.426648619366,217040.781705
47.8193380338,90,72,79,43.7141870365,22.8030154477,0.706850723771,0.47212060632,0.643348097575,0.742117606745,0.426648619366,83734.5928399
5.07070788532,16,9,65,37.6571642928,72.0454685374,0.706850723771,0.47212060632,0.643348097575,0.742117606745,0.426648619366,53410.4856449
40.7510795229,90,3,65,97.7176394941,15.038777503,0.706850723771,0.47212060632,0.643348097575,0.742117606745,0.426648619366,933205.084073
52.1395637332,35,87,76,34.4174734347,87.3313486838,0.706850723771,0.47212060632,0.643348097575,0.742117606745,0.426648619366,40894.3668835
9.8884181771,80,40,57,67.6565133575,26.5765734146,0.706850723771,0.47212060632,0.643348097575,0.742117606745,0.426648619366,309661.994807
43.3284222292,47,20,21,7.17003194513,28.7228746511,0.706850723771,0.47212060632,0.643348097575,0.742117606745,0.426648619366,438.579754451
16.8237426797,25,21,40,24.388202589,19.5979760329,0.706850723771,0.47212060632,0.643348097575,0.742117606745,0.426648619366,14540.9831285
79.2577670948,77,59,18,86.2627311494,23.8776005761,0.706850723771,0.47212060632,0.643348097575,0.742117606745,0.426648619366,642117.775846
61.8430499001,90,90,22,24.6444359395,7.49300491682,0.706850723771,0.47212060632,0.643348097575,0.742117606745,0.426648619366,15200.0482675
72.6824419507,88,71,7,35.2790543966,76.6683159129,0.706850723771,0.47212060632,0.643348097575,0.742117606745,0.426648619366,44056.1776093
47.6966251195,22,73,48,85.4819184427,0.905492445997,0.706850723771,0.47212060632,0.643348097575,0.742117606745,0.426648619366,624749.915152
19.9284304346,59,93,13,42.5863526443,20.7182584601,0.706850723771,0.47212060632,0.643348097575,0.742117606745,0.426648619366,77385.4159147
82.9084978952,97,89,35,40.3887483844,13.0540053113,0.706850723771,0.47212060632,0.643348097575,0.742117606745,0.426648619366,66092.4882975
30.2530169883,99,27,25,82.500207875,6.78450501126,0.706850723771,0.47212060632,0.643348097575,0.742117606745,0.426648619366,561478.068748
30.0300037511,84,46,10,29.672533018,89.947403533,0.706850723771,0.47212060632,0.643348097575,0.742117606745,0.426648619366,26262.5291186
35.411674851,18,35,41,5.81532841785,11.9010010152,0.706850723771,0.47212060632,0.643348097575,0.742117606745,0.426648619366,253.398317583
43.6074664933,50,46,5,7.20637839945,47.1059723244,0.706850723771,0.47212060632,0.643348097575,0.742117606745,0.426648619366,449.770647249
39.9475677673,66,64,96,48.8149864043,73.746851519,0.706850723771,0.47212060632,0.643348097575,0.742117606745,0.426648619366,116424.551331
89.5986050127,64,12,29,5.39052340599,42.1214030756,0.706850723771,0.47212060632,0.643348097575,0.742117606745,0.426648619366,316.453079133
95.2454375963,57,80,15,89.0111201464,15.7163344976,0.706850723771,0.47212060632,0.643348097575,0.742117606745,0.426648619366,705434.038174
65.4138962738,19,56,40,23.0715712216,42.4560999874,0.706850723771,0.47212060632,0.643348097575,0.742117606745,0.426648619366,12405.9440201
45.8599643048,72,80,18,72.8824579323,41.1790948939,0.706850723771,0.47212060632,0.643348097575,0.742117606745,0.426648619366,387284.263334
35.8023477448,81,58,68,33.9287381094,53.5556403649,0.706850723771,0.47212060632,0.643348097575,0.742117606745,0.426648619366,39099.2648762
87.8299636524,52,16,68,96.0463913505,94.4432780555,0.706850723771,0.47212060632,0.643348097575,0.742117606745,0.426648619366,886173.484649
94.583486797,89,61,5,7.63639529882,37.6407638657,0.706850723771,0.47212060632,0.643348097575,0.742117606745,0.426648619366,676.483566515
5.10169945415,75,98,48,39.3239444614,50.1297011685,0.706850723771,0.47212060632,0.643348097575,0.742117606745,0.426648619366,60882.7203761
17.3410134457,62,52,50,86.6317402262,82.821610999,0.706850723771,0.47212060632,0.643348097575,0.742117606745,0.426648619366,650199.520393
19.8914028331,30,33,73,78.6576771627,93.5284278553,0.706850723771,0.47212060632,0.643348097575,0.742117606745,0.426648619366,486679.995911
95.4001608752,98,50,89,1.29795424373,17.9778787942,0.706850723771,0.47212060632,0.643348097575,0.742117606745,0.426648619366,92.2554511551
17.7431166973,61,33,88,96.8754216586,2.25126331713,0.706850723771,0.47212060632,0.643348097575,0.742117606745,0.426648619366,909152.918456
49.2044338025,25,26,99,19.2119537639,56.8659413809,0.706850723771,0.47212060632,0.643348097575,0.742117606745,0.426648619366,7162.0125721
23.1507733273,92,62,77,99.9018343334,48.8917398392,0.706850723771,0.47212060632,0.643348097575,0.742117606745,0.426648619366,997072.359421
98.7323562446,4,55,92,4.12289454137,95.7956888007,0.706850723771,0.47212060632,0.643348097575,0.742117606745,0.426648619366,220.007711084
16.3722042442,86,54,22,23.9524754097,77.4933449322,0.706850723771,0.47212060632,0.643348097575,0.742117606745,0.426648619366,13732.9859453
40.3759714172,38,5,28,4.76812924221,64.9268245176,0.706850723771,0.47212060632,0.643348097575,0.742117606745,0.426648619366,165.312570776
60.090708757,94,96,12,18.8478631792,8.68614272873,0.706850723771,0.47212060632,0.643348097575,0.742117606745,0.426648619366,6828.05205093
18.5962826303,63,31,39,80.6796841168,14.0439675059,0.706850723771,0.47212060632,0.643348097575,0.742117606745,0.426648619366,525222.225443
90.1183090472,13,56,22,14.7921981525,16.9138458954,0.706850723771,0.47212060632,0.643348097575,0.742117606745,0.426648619366,3388.23958132
75.1376323264,98,6,54,68.7155384331,19.2130862994,0.706850723771,0.47212060632,0.643348097575,0.742117606745,0.426648619366,324487.149946
38.6288033757,74,55,6,17.3203873633,73.1912085843,0.706850723771,0.47212060632,0.643348097575,0.742117606745,0.426648619366,5216.49234693
11.7269922324,85,44,18,51.8933844298,90.5382150387,0.706850723771,0.47212060632,0.643348097575,0.742117606745,0.426648619366,139784.916093
42.511746347,55,98,14,55.9100745242,30.6942217309,0.706850723771,0.47212060632,0.643348097575,0.742117606745,0.426648619366,174857.854763
70.7286859019,98,76,5,69.363158282,12.0980125257,0.706850723771,0.47212060632,0.643348097575,0.742117606745,0.426648619366,333812.91595
17.0295167642,89,60,54,44.3553143393,38.8721850204,0.706850723771,0.47212060632,0.643348097575,0.742117606745,0.426648619366,87417.3922185
28.3224650091,15,19,11,8.54573400091,1.4326390991,0.706850723771,0.47212060632,0.643348097575,0.742117606745,0.426648619366,680.31103203
17.9038090709,16,95,13,53.1228619971,51.0347939159,0.706850723771,0.47212060632,0.643348097575,0.742117606745,0.426648619366,150023.477544
0.471828761326,99,4,68,66.3035004496,43.4698048882,0.706850723771,0.47212060632,0.643348097575,0.742117606745,0.426648619366,291385.062536
39.6547326281,68,9,1,47.6272465835,60.7288027942,0.706850723771,0.47212060632,0.643348097575,0.742117606745,0.426648619366,108023.92181
43.0421287528,44,3,92,75.3269884199,60.6103156166,0.706850723771,0.47212060632,0.643348097575,0.742117606745,0.426648619366,427463.063416
1.53201328625,79,7,22,43.3090061336,37.3034213107,0.706850723771,0.47212060632,0.643348097575,0.742117606745,0.426648619366,81206.8423276
2.15580098698,93,63,20,40.6172341599,59.9545850982,0.706850723771,0.47212060632,0.643348097575,0.742117606745,0.426648619366,66986.5549884
80.1682234905,38,55,64,27.5750927839,34.5668304588,0.706850723771,0.47212060632,0.643348097575,0.742117606745,0.426648619366,21115.0576439
8.23268790433,26,27,46,23.8715083625,18.0303226628,0.706850723771,0.47212060632,0.643348097575,0.742117606745,0.426648619366,13659.1140522
82.9320896218,41,6,5,29.6299435925,76.5124286137,0.706850723771,0.47212060632,0.643348097575,0.742117606745,0.426648619366,26094.5914165
12.4327616953,87,13,70,56.2677999148,66.1761784221,0.706850723771,0.47212060632,0.643348097575,0.742117606745,0.426648619366,178102.237727
20.4485298641,81,70,81,27.1513255961,33.3936730175,0.706850723771,0.47212060632,0.643348097575,0.742117606745,0.426648619366,20054.6051126
55.5570128821,21,4,8,38.564366444,22.9901554369,0.706850723771,0.47212060632,0.643348097575,0.742117606745,0.426648619366,57431.4414121
1.14935900263,5,34,100,62.023415906,56.8770693882,0.706850723771,0.47212060632,0.643348097575,0.742117606745,0.426648619366,238627.982597
77.3953131983,49,34,60,18.6599915555,3.01930588642,0.706850723771,0.47212060632,0.643348097575,0.742117606745,0.426648619366,6561.68187931
3.23654214002,3,29,64,91.5858166928,16.5977352065,0.706850723771,0.47212060632,0.643348097575,0.742117606745,0.426648619366,768251.913535
8.01107053003,79,31,98,89.4044843309,61.83981718,0.706850723771,0.47212060632,0.643348097575,0.742117606745,0.426648619366,714627.863342
29.4245971368,18,73,39,25.3061089257,20.0581838658,0.706850723771,0.47212060632,0.643348097575,0.742117606745,0.426648619366,16295.8812416
30.4467420217,81,0,10,83.1135422592,1.66356953359,0.706850723771,0.47212060632,0.643348097575,0.742117606745,0.426648619366,574115.771189
58.5470936253,19,18,73,18.1381313301,33.5445418519,0.706850723771,0.47212060632,0.643348097575,0.742117606745,0.426648619366,6046.01461139
69.1207204537,7,10,24,42.2057828174,54.9986122665,0.706850723771,0.47212060632,0.643348097575,0.742117606745,0.426648619366,75265.1610999
66.3768059076,38,86,46,89.6774793061,31.6176933093,0.706850723771,0.47212060632,0.643348097575,0.742117606745,0.426648619366,721355.339481
33.6978412167,47,56,23,21.6438739197,36.2939892817,0.706850723771,0.47212060632,0.643348097575,0.742117606745,0.426648619366,10233.8898248
24.4923207711,73,99,98,10.1336339957,68.2378644608,0.706850723771,0.47212060632,0.643348097575,0.742117606745,0.426648619366,1114.14291255
25.5473168728,13,99,82,75.2840705592,64.5050537167,0.706850723771,0.47212060632,0.643348097575,0.742117606745,0.426648619366,426817.192946
64.6090169977,47,83,80,37.3412269069,25.0967570511,0.706850723771,0.47212060632,0.643348097575,0.742117606745,0.426648619366,52219.8060768
72.4678615509,32,41,29,97.6073411073,18.6565119141,0.706850723771,0.47212060632,0.643348097575,0.742117606745,0.426648619366,930054.430539
14.7123440337,4,22,98,93.8678769846,73.5087689946,0.706850723771,0.47212060632,0.643348097575,0.742117606745,0.426648619366,827119.715284
82.6338581781,83,88,55,71.9277985358,67.7495796689,0.706850723771,0.47212060632,0.643348097575,0.742117606745,0.426648619366,372376.256825
29.1414704289,24,63,89,42.3372788605,40.416127615,0.706850723771,0.47212060632,0.643348097575,0.742117606745,0.426648619366,75958.5191428
99.7258568636,19,54,16,99.2798503927,30.9104540218,0.706850723771,0.47212060632,0.643348097575,0.742117606745,0.426648619366,978707.008557
32.6197169899,38,99,91,47.2922547527,83.4457414329,0.706850723771,0.47212060632,0.643348097575,0.742117606745,0.426648619366,105914.828129
59.2347706741,3,48,37,15.4288123526,24.6020097517,0.706850723771,0.47212060632,0.643348097575,0.742117606745,0.426648619366,3779.8163821
65.7637531296,25,3,21,16.6414552652,52.8420151626,0.706850723771,0.47212060632,0.643348097575,0.742117606745,0.426648619366,4674.94350813
9.37909529879,82,6,71,25.5378379506,50.8531975992,0.706850723771,0.47212060632,0.643348097575,0.742117606745,0.426648619366,16697.3118723
82.2127205427,32,40,45,17.0400514773,6.4695292072,0.706850723771,0.47212060632,0.643348097575,0.742117606745,0.426648619366,5088.51578312
63.6720398687,55,55,21,73.9815796431,70.5798853436,0.706850723771,0.47212060632,0.643348097575,0.742117606745,0.426648619366,404985.987859
86.4171571386,72,67,54,7.42061962577,33.0643971066,0.706850723771,0.47212060632,0.643348097575,0.742117606745,0.426648619366,579.754489848
76.2942620303,33,86,14,35.9027841132,28.6793625964,0.706850723771,0.47212060632,0.643348097575,0.742117606745,0.426648619366,46475.3263743
31.1106021299,64,92,85,78.8212787081,93.5824316933,0.706850723771,0.47212060632,0.643348097575,0.742117606745,0.426648619366,489882.181824
62.6765623451,23,2,93,43.0262183448,85.3316826604,0.706850723771,0.47212060632,0.643348097575,0.742117606745,0.426648619366,79696.7870622
27.3147770344,100,5,10,76.6958075306,41.860897778,0.706850723771,0.47212060632,0.643348097575,0.742117606745,0.426648619366,451124.809727
71.224277138,13,23,96,51.2542999572,57.266792578,0.706850723771,0.47212060632,0.643348097575,0.742117606745,0.426648619366,134745.883323
21.203684019,15,96,94,6.49549700083,8.30514805717,0.706850723771,0.47212060632,0.643348097575,0.742117606745,0.426648619366,400.767389801
94.0494439626,9,41,76,69.529480992,19.2076568577,0.706850723771,0.47212060632,0.643348097575,0.742117606745,0.426648619366,336269.082541
15.8938092289,41,33,13,67.6558134356,24.8854230711,0.706850723771,0.47212060632,0.643348097575,0.742117606745,0.426648619366,309724.380388
48.5224855232,67,8,20,69.7728987583,97.90822016,0.706850723771,0.47212060632,0.643348097575,0.742117606745,0.426648619366,339672.546371
30.9404819564,92,34,40,49.5078195906,79.0491072216,0.706850723771,0.47212060632,0.643348097575,0.742117606745,0.426648619366,121338.838653
17.2257592928,70,50,42,95.4264459771,5.41755576198,0.706850723771,0.47212060632,0.643348097575,0.742117606745,0.426648619366,869093.412976
24.4449830329,44,90,20,50.0472289747,33.2479362475,0.706850723771,0.47212060632,0.643348097575,0.742117606745,0.426648619366,125470.688815
39.2045862711,90,44,72,77.4077734786,71.9990339758,0.706850723771,0.47212060632,0.643348097575,0.742117606745,0.426648619366,463988.463275
3.57298653821,34,83,85,77.9777685789,96.2093469036,0.706850723771,0.47212060632,0.643348097575,0.742117606745,0.426648619366,474250.733464
32.5973128213,41,35,52,55.3902187489,74.2142910999,0.706850723771,0.47212060632,0.643348097575,0.742117606745,0.426648619366,170003.499637
78.6643844234,55,78,16,56.4153980764,8.44777976453,0.706850723771,0.47212060632,0.643348097575,0.742117606745,0.426648619366,179654.516063
12.3239052554,51,47,8,36.5903513087,49.3624659285,0.706850723771,0.47212060632,0.643348097575,0.742117606745,0.426648619366,49083.6261699
43.9081362852,83,33,66,65.560358672,76.8210976859,0.706850723771,0.47212060632,0.643348097575,0.742117606745,0.426648619366,281946.208315
78.1295399193,55,59,17,93.0955943493,94.8838495296,0.706850723771,0.47212060632,0.643348097575,0.742117606745,0.426648619366,806921.118643
85.7654423947,1,14,92,79.3420567792,52.4257859551,0.706850723771,0.47212060632,0.643348097575,0.742117606745,0.426648619366,499570.926218
82.1985836434,62,94,0,56.9206559118,26.8712820884,0.706850723771,0.47212060632,0.643348097575,0.742117606745,0.426648619366,184551.078581
8.81674424152,79,20,78,22.0572987267,57.6796053678,0.706850723771,0.47212060632,0.643348097575,0.742117606745,0.426648619366,10725.6604487
64.0444015305,86,84,61,24.8800560875,76.1859482938,0.706850723771,0.47212060632,0.643348097575,0.742117606745,0.426648619366,15468.8432864
34.5664546766,39,99,88,32.3038009252,96.9138190228,0.706850723771,0.47212060632,0.643348097575,0.742117606745,0.426648619366,33881.3546746
12.6954900258,4,55,42,9.28277444005,83.4746871616,0.706850723771,0.47212060632,0.643348097575,0.742117606745,0.426648619366,863.647515831
3.44181218813,36,60,58,43.9927796464,19.040350255,0.706850723771,0.47212060632,0.643348097575,0.742117606745,0.426648619366,85170.8017138
81.1035827909,65,59,14,85.4789364391,95.6386133664,0.706850723771,0.47212060632,0.643348097575,0.742117606745,0.426648619366,624759.38716
88.1941868974,93,49,23,77.9132646565,78.4195472211,0.706850723771,0.47212060632,0.643348097575,0.742117606745,0.426648619366,473018.823972
56.107749475,90,75,16,56.2756458412,80.2648565526,0.706850723771,0.47212060632,0.643348097575,0.742117606745,0.426648619366,178433.34131
22.2937909689,62,36,34,71.858882399,2.52967944128,0.706850723771,0.47212060632,0.643348097575,0.742117606745,0.426648619366,371070.647659
78.6568065339,54,54,89,27.5261461719,58.6186063843,0.706850723771,0.47212060632,0.643348097575,0.742117606745,0.426648619366,20959.5928115
55.8836654532,2,100,80,91.1746591103,37.3816899452,0.706850723771,0.47212060632,0.643348097575,0.742117606745,0.426648619366,758075.098061
0.820487922484,75,5,96,73.9956502883,2.36410417605,0.706850723771,0.47212060632,0.643348097575,0.742117606745,0.426648619366,405130.291984
76.7429154101,53,14,7,66.3330720148,88.79404829,0.706850723771,0.47212060632,0.643348097575,0.742117606745,0.426648619366,291982.971494
43.497168227,17,98,72,64.5012235493,90.2028311733,0.706850723771,0.47212060632,0.643348097575,0.742117606745,0.426648619366,268476.803336
48.5929259739,22,79,31,73.9606955134,20.4763820586,0.706850723771,0.47212060632,0.643348097575,0.742117606745,0.426648619366,404705.642948
16.5200533096,13,86,79,83.2650848832,2.470043154,0.706850723771,0.47212060632,0.643348097575,0.742117606745,0.426648619366,577390.582132
31.1225633108,31,42,21,34.8016255248,96.8354514221,0.706850723771,0.47212060632,0.643348097575,0.742117606745,0.426648619366,42211.5320546
47.889332745,46,96,95,94.7056429057,76.3150393724,0.706850723771,0.47212060632,0.643348097575,0.742117606745,0.426648619366,849616.005163
62.117859625,66,69,31,3.40505827981,9.87105192326,0.706850723771,0.47212060632,0.643348097575,0.742117606745,0.426648619366,168.441128067
4.1358412501,47,86,33,14.8934387645,16.3679457951,0.706850723771,0.47212060632,0.643348097575,0.742117606745,0.426648619366,3400.52463424
86.5942532063,28,6,7,83.6136063954,18.4849021903,0.706850723771,0.47212060632,0.643348097575,0.742117606745,0.426648619366,584663.222696
26.9362560768,15,5,65,57.5843695509,1.6305363347,0.706850723771,0.47212060632,0.643348097575,0.742117606745,0.426648619366,190990.066962
74.0441422068,11,8,94,40.049115421,31.8810659379,0.706850723771,0.47212060632,0.643348097575,0.742117606745,0.426648619366,64306.8426164
81.8659121417,38,13,17,11.664019744,78.8727998746,0.706850723771,0.47212060632,0.643348097575,0.742117606745,0.426648619366,1692.04890205
67.2134366768,12,3,10,37.1226913795,25.9928196785,0.706850723771,0.47212060632,0.643348097575,0.742117606745,0.426648619366,51221.7967856
59.8651322789,27,6,95,26.7544459093,51.2262693394,0.706850723771,0.47212060632,0.643348097575,0.742117606745,0.426648619366,19243.2129834
41.3374709979,17,21,15,9.76634761293,49.5067514036,0.706850723771,0.47212060632,0.643348097575,0.742117606745,0.426648619366,978.173332609
28.5260924585,55,70,28,26.690578354,5.97034338584,0.706850723771,0.47212060632,0.643348097575,0.742117606745,0.426648619366,19057.8307815
83.3402666632,30,4,48,2.03420173867,96.2541613275,0.706850723771,0.47212060632,0.643348097575,0.742117606745,0.426648619366,65.3485427045
97.9434408909,24,43,0,4.92377257971,50.8381586316,0.706850723771,0.47212060632,0.643348097575,0.742117606745,0.426648619366,238.579220046
67.1401794777,54,62,48,60.5363882733,64.865353376,0.706850723771,0.47212060632,0.643348097575,0.742117606745,0.426648619366,221943.133222
97.9070760692,30,28,33,38.0754695218,57.7837472368,0.706850723771,0.47212060632,0.643348097575,0.742117606745,0.426648619366,55296.8497414
62.2597835254,24,57,99,26.244906181,26.6915130384,0.706850723771,0.47212060632,0.643348097575,0.742117606745,0.426648619366,18173.8894852
44.6319683057,7,56,4,82.917833427,47.0537317841,0.706850723771,0.47212060632,0.643348097575,0.742117606745,0.426648619366,570195.018038
24.301541823,81,62,98,84.1566677802,95.8140378318,0.706850723771,0.47212060632,0.643348097575,0.742117606745,0.426648619366,596061.239936
23.6192692577,94,53,36,0.371069631232,26.0309556017,0.706850723771,0.47212060632,0.643348097575,0.742117606745,0.426648619366,52.624897339
71.5241111642,30,58,21,52.8844668453,62.3622375197,0.706850723771,0.47212060632,0.643348097575,0.742117606745,0.426648619366,148006.242699
1.47741295543,44,81,63,4.8444139879,82.2426040339,0.706850723771,0.47212060632,0.643348097575,0.742117606745,0.426648619366,197.114041289
13.6024259915,44,84,59,97.3651026844,46.6569603088,0.706850723771,0.47212060632,0.643348097575,0.742117606745,0.426648619366,923116.61048
27.1087154078,43,90,91,66.7387393608,39.6124886168,0.706850723771,0.47212060632,0.643348097575,0.742117606745,0.426648619366,297339.75321
33.6894138999,49,35,61,22.0824558657,20.9970694817,0.706850723771,0.47212060632,0.643348097575,0.742117606745,0.426648619366,10789.1646258
37.1000581737,29,70,44,30.4374382994,56.260910373,0.706850723771,0.47212060632,0.643348097575,0.742117606745,0.426648619366,28286.2611945
98.6168855643,15,72,4,28.4227492729,75.4676361011,0.706850723771,0.47212060632,0.643348097575,0.742117606745,0.426648619366,23141.0084665
29.1684766076,43,44,38,45.9481173453,80.9512630112,0.706850723771,0.47212060632,0.643348097575,0.742117606745,0.426648619366,97044.7187695
4.37810942365,71,19,45,36.4532233047,66.745195592,0.706850723771,0.47212060632,0.643348097575,0.742117606745,0.426648619366,48532.1636267
6.52358406309,84,57,52,3.5600654888,50.1108880452,0.706850723771,0.47212060632,0.643348097575,0.742117606745,0.426648619366,171.218704524
99.7138366689,21,41,95,95.8500542275,23.9617706291,0.706850723771,0.47212060632,0.643348097575,0.742117606745,0.426648619366,880755.738094
88.2923505348,24,33,84,8.61454077384,39.6806618308,0.706850723771,0.47212060632,0.643348097575,0.742117606745,0.426648619366,739.579425141
36.4641104224,71,63,7,12.5226230406,1.81911843813,0.706850723771,0.47212060632,0.643348097575,0.742117606745,0.426648619366,2131.47099736
7.00176537807,50,93,96,95.8087920875,15.1265586031,0.706850723771,0.47212060632,0.643348097575,0.742117606745,0.426648619366,879547.87267
31.3674966564,62,59,69,11.1751325079,16.7781402871,0.706850723771,0.47212060632,0.643348097575,0.742117606745,0.426648619366,1440.0141366
47.4935198267,33,95,43,90.3769962424,89.2283609966,0.706850723771,0.47212060632,0.643348097575,0.742117606745,0.426648619366,738374.095172
5.58558871579,91,50,67,42.746707864,21.296446003,0.706850723771,0.47212060632,0.643348097575,0.742117606745,0.426648619366,78174.6234445
76.8191656112,99,21,26,44.299457336,6.22567959734,0.706850723771,0.47212060632,0.643348097575,0.742117606745,0.426648619366,86934.7723687
3.07350743516,22,60,57,70.7632572733,0.0685203550102,0.706850723771,0.47212060632,0.643348097575,0.742117606745,0.426648619366,354406.377461
44.4874385422,12,54,50,57.1096014633,36.4598129203,0.706850723771,0.47212060632,0.643348097575,0.742117606745,0.426648619366,186355.127102
82.0698515097,88,4,77,44.9359232684,99.2235605716,0.706850723771,0.47212060632,0.643348097575,0.742117606745,0.426648619366,90826.4723013
92.1183490096,81,73,92,16.1667053158,37.645701858,0.706850723771,0.47212060632,0.643348097575,0.742117606745,0.426648619366,4338.68622258
81.2833926911,31,40,84,25.8673741947,23.3467379816,0.706850723771,0.47212060632,0.643348097575,0.742117606745,0.426648619366,17417.8959391
2.73582747074,31,79,25,52.4162637888,72.9106486364,0.706850723771,0.47212060632,0.643348097575,0.742117606745,0.426648619366,144080.913276
40.1476248678,57,59,36,19.0379631999,54.3240777723,0.706850723771,0.47212060632,0.643348097575,0.742117606745,0.426648619366,7023.21358587
36.3644104066,74,54,20,86.3345695838,92.6448063243,0.706850723771,0.47212060632,0.643348097575,0.742117606745,0.426648619366,643526.723605
80.5576781102,29,30,100,73.7346086313,4.00118134811,0.706850723771,0.47212060632,0.643348097575,0.742117606745,0.426648619366,400970.573998
49.490227897,42,38,88,97.1292424454,62.4623890765,0.706850723771,0.47212060632,0.643348097575,0.742117606745,0.426648619366,916375.021136
49.8201330485,80,21,51,93.9074249204,71.5557830025,0.706850723771,0.47212060632,0.643348097575,0.742117606745,0.426648619366,828124.415048
1.91013182455,87,11,35,41.3362613826,84.532192455,0.706850723771,0.47212060632,0.643348097575,0.742117606745,0.426648619366,70571.6957928
42.5370901819,81,4,46,7.00473965595,8.65635379334,0.706850723771,0.47212060632,0.643348097575,0.742117606745,0.426648619366,340.115152275
95.3801079456,5,82,84,9.05181295998,46.441985813,0.706850723771,0.47212060632,0.643348097575,0.742117606745,0.426648619366,914.981849
50.20633512,74,57,51,49.9549476867,24.9971645556,0.706850723771,0.47212060632,0.643348097575,0.742117606745,0.426648619366,124697.387756
98.5173189711,36,58,13,61.7792422039,79.7760956891,0.706850723771,0.47212060632,0.643348097575,0.742117606745,0.426648619366,235912.508309
40.0575985523,13,1,74,65.2533089967,81.3108571917,0.706850723771,0.47212060632,0.643348097575,0.742117606745,0.426648619366,277893.754672
59.9512141304,24,77,38,74.5605784869,31.0267863794,0.706850723771,0.47212060632,0.643348097575,0.742117606745,0.426648619366,414618.636354
52.6183644673,20,85,9,88.5848438115,11.4356506565,0.706850723771,0.47212060632,0.643348097575,0.742117606745,0.426648619366,695305.880022
91.9881153138,32,35,33,51.7090127636,27.0452649658,0.706850723771,0.47212060632,0.643348097575,0.742117606745,0.426648619366,138406.329657
39.5691291365,62,99,63,44.198174111,89.2327957889,0.706850723771,0.47212060632,0.643348097575,0.742117606745,0.426648619366,86433.0943344
60.7153690794,65,93,75,57.4451654817,64.5988214768,0.706850723771,0.47212060632,0.643348097575,0.742117606745,0.426648619366,189773.075086
32.1747869579,8,42,74,67.6276958212,28.7631457922,0.706850723771,0.47212060632,0.643348097575,0.742117606745,0.426648619366,309376.725855
54.2771005892,26,20,21,37.8476587419,10.4399614647,0.706850723771,0.47212060632,0.643348097575,0.742117606745,0.426648619366,54309.6401061
20.1270288064,49,70,71,70.5115856068,99.1771512669,0.706850723771,0.47212060632,0.643348097575,0.742117606745,0.426648619366,350619.74768
22.6789288282,70,32,69,11.7268860959,90.6764638522,0.706850723771,0.47212060632,0.643348097575,0.742117606745,0.426648619366,1721.41619663
96.9457554419,26,16,8,75.9284053769,89.3192503942,0.706850723771,0.47212060632,0.643348097575,0.742117606745,0.426648619366,437870.338318
0.344814535732,65,72,11,4.42390660654,41.8960552279,0.706850723771,0.47212060632,0.643348097575,0.742117606745,0.426648619366,211.668742008
2.49593649555,3,96,97,80.9338571435,26.0604794844,0.706850723771,0.47212060632,0.643348097575,0.742117606745,0.426648619366,530239.471865
89.5264670781,94,97,74,77.1623772311,47.5276698856,0.706850723771,0.47212060632,0.643348097575,0.742117606745,0.426648619366,459589.786356
10.4809463475,41,32,89,50.7415390272,8.78306316112,0.706850723771,0.47212060632,0.643348097575,0.742117606745,0.426648619366,130681.269967
67.0462009843,25,40,60,53.1486219607,83.0756279321,0.706850723771,0.47212060632,0.643348097575,0.742117606745,0.426648619366,150236.385212
71.7932266925,73,16,90,54.8090510936,11.6032243501,0.706850723771,0.47212060632,0.643348097575,0.742117606745,0.426648619366,164687.430728
66.0994623828,79,22,82,67.1614357157,49.2116244748,0.706850723771,0.47212060632,0.643348097575,0.742117606745,0.426648619366,302995.625141
25.8469035225,14,84,88,36.6645280791,44.6251998757,0.706850723771,0.47212060632,0.643348097575,0.742117606745,0.426648619366,49411.4219677
12.4122046328,15,53,62,22.6093250868,41.2980803992,0.706850723771,0.47212060632,0.643348097575,0.742117606745,0.426648619366,11631.8978821
45.8490887345,21,94,91,35.8809094969,30.2459615664,0.706850723771,0.47212060632,0.643348097575,0.742117606745,0.426648619366,46352.0309948
87.6677724306,58,47,61,96.9118683384,28.2889630752,0.706850723771,0.47212060632,0.643348097575,0.742117606745,0.426648619366,910378.855424
43.2090440914,20,24,14,5.56837368299,91.1653859211,0.706850723771,0.47212060632,0.643348097575,0.742117606745,0.426648619366,259.115924686
48.1076148068,51,32,70,73.0842626035,69.1234392645,0.706850723771,0.47212060632,0.643348097575,0.742117606745,0.426648619366,390480.724975
69.6756151579,3,22,91,51.2353381939,76.2896144519,0.706850723771,0.47212060632,0.643348097575,0.742117606745,0.426648619366,134588.035685
48.2088391378,94,9,9,12.1610814226,8.61895212528,0.706850723771,0.47212060632,0.643348097575,0.742117606745,0.426648619366,1833.09272524
89.9117300741,47,47,59,3.96322552579,56.9981716514,0.706850723771,0.47212060632,0.643348097575,0.742117606745,0.426648619366,205.607408699
59.654357882,46,61,8,13.5033851828,24.3503121911,0.706850723771,0.47212060632,0.643348097575,0.742117606745,0.426648619366,2625.35229298
64.5226112057,79,92,71,0.0854195617088,26.7975903572,0.706850723771,0.47212060632,0.643348097575,0.742117606745,0.426648619366,122.389388295
81.2500345005,51,95,25,85.4895140946,74.8911544621,0.706850723771,0.47212060632,0.643348097575,0.742117606745,0.426648619366,625006.738803
36.1322629826,36,71,12,25.7265520875,42.8210465663,0.706850723771,0.47212060632,0.643348097575,0.742117606745,0.426648619366,17098.1511914
79.940342467,68,35,20,56.1725649117,96.2755407254,0.706850723771,0.47212060632,0.643348097575,0.742117606745,0.426648619366,177299.292846
17.444397126,78,7,20,34.275537701,67.5744402633,0.706850723771,0.47212060632,0.643348097575,0.742117606745,0.426648619366,40332.7772725
84.275920887,39,87,33,57.0895423647,66.012675178,0.706850723771,0.47212060632,0.643348097575,0.742117606745,0.426648619366,186277.005049
52.0635794896,74,2,84,28.0012318308,21.6807025916,0.706850723771,0.47212060632,0.643348097575,0.742117606745,0.426648619366,21936.7933402
42.4811293583,20,83,72,53.424300017,57.3549886634,0.706850723771,0.47212060632,0.643348097575,0.742117606745,0.426648619366,152625.271338
85.1309930487,20,59,76,21.2782197743,11.7797392855,0.706850723771,0.47212060632,0.643348097575,0.742117606745,0.426648619366,9796.9388964
54.368775146,80,27,75,33.6531357056,5.29796470743,0.706850723771,0.47212060632,0.643348097575,0.742117606745,0.426648619366,38114.7749091
35.6167454507,23,14,53,77.1565982957,64.766507666,0.706850723771,0.47212060632,0.643348097575,0.742117606745,0.426648619366,459354.632147
89.2305517146,15,24,38,37.6604104956,6.82260262622,0.706850723771,0.47212060632,0.643348097575,0.742117606745,0.426648619366,53537.2869405
63.1959433444,14,30,9,24.0105625388,44.5987415825,0.706850723771,0.47212060632,0.643348097575,0.742117606745,0.426648619366,13949.7366659
51.3773455038,63,7,72,70.5405395724,41.4042068127,0.706850723771,0.47212060632,0.643348097575,0.742117606745,0.426648619366,351076.622665
74.2107789072,22,53,78,29.8251635609,16.2735866238,0.706850723771,0.47212060632,0.643348097575,0.742117606745,0.426648619366,26658.2173989
16.1833235751,92,68,25,64.9824318044,29.8911082728,0.706850723771,0.47212060632,0.643348097575,0.742117606745,0.426648619366,274414.723394
45.8310765972,69,73,17,16.0491996286,28.2475295939,0.706850723771,0.47212060632,0.643348097575,0.742117606745,0.426648619366,4243.85114975
78.5626908489,41,59,41,24.1340511239,87.4149187924,0.706850723771,0.47212060632,0.643348097575,0.742117606745,0.426648619366,14187.8371084
24.9905376344,36,59,49,26.0692448331,6.82298051061,0.706850723771,0.47212060632,0.643348097575,0.742117606745,0.426648619366,17764.1355979
74.6741407785,13,45,42,45.9167732554,47.68431698,0.706850723771,0.47212060632,0.643348097575,0.742117606745,0.426648619366,96932.8517227
96.9972132537,57,72,65,23.80861827,98.4033607313,0.706850723771,0.47212060632,0.643348097575,0.742117606745,0.426648619366,13690.6079354
67.518194984,16,82,82,41.7636490806,85.8590518727,0.706850723771,0.47212060632,0.643348097575,0.742117606745,0.426648619366,72989.4812836
38.1388208165,1,62,5,44.3652108429,79.9472310392,0.706850723771,0.47212060632,0.643348097575,0.742117606745,0.426648619366,87422.820677
66.4692494982,63,29,58,3.16623181265,67.1678769219,0.706850723771,0.47212060632,0.643348097575,0.742117606745,0.426648619366,138.747080833
65.8163461953,59,72,50,83.7675243604,74.8070234416,0.706850723771,0.47212060632,0.643348097575,0.742117606745,0.426648619366,587971.683932
26.9252505476,100,79,65,47.8847862511,89.1832356566,0.706850723771,0.47212060632,0.643348097575,0.742117606745,0.426648619366,109853.668039
61.2565157177,79,90,68,93.9022342256,12.7224635622,0.706850723771,0.47212060632,0.643348097575,0.742117606745,0.426648619366,828110.393002
18.2782924312,97,98,74,6.87586432578,86.68830505,0.706850723771,0.47212060632,0.643348097575,0.742117606745,0.426648619366,477.188842835
25.3341395,43,71,4,54.1255918097,43.8173157744,0.706850723771,0.47212060632,0.643348097575,0.742117606745,0.426648619366,158625.04543
19.387941161,18,56,6,79.2493674116,65.0595560804,0.706850723771,0.47212060632,0.643348097575,0.742117606745,0.426648619366,497784.249942
97.5461770892,29,42,60,36.6719021592,56.9851077621,0.706850723771,0.47212060632,0.643348097575,0.742117606745,0.426648619366,49437.4117821
81.2207436698,89,99,43,79.8682599377,8.6421785042,0.706850723771,0.47212060632,0.643348097575,0.742117606745,0.426648619366,509730.68897
50.5920218728,11,85,58,36.4321282704,75.1370205617,0.706850723771,0.47212060632,0.643348097575,0.742117606745,0.426648619366,48481.9477738
97.4509606097,93,57,37,56.7349519693,3.01860859616,0.706850723771,0.47212060632,0.643348097575,0.742117606745,0.426648619366,182687.192427
27.9856113126,22,46,63,20.9716381654,30.9572112615,0.706850723771,0.47212060632,0.643348097575,0.742117606745,0.426648619366,9297.48618504
30.3951700264,83,75,62,84.8648171948,1.1994383194,0.706850723771,0.47212060632,0.643348097575,0.742117606745,0.426648619366,611384.794753
15.2699491166,21,90,21,95.0434358854,37.434255454,0.706850723771,0.47212060632,0.643348097575,0.742117606745,0.426648619366,858675.240755
12.2538522619,98,65,18,45.9684012627,38.9103814325,0.706850723771,0.47212060632,0.643348097575,0.742117606745,0.426648619366,97155.8604157
82.6061962823,10,89,59,4.67086272002,26.0664732253,0.706850723771,0.47212060632,0.643348097575,0.742117606745,0.426648619366,268.706741533
8.33379401822,8,10,4,58.6256172317,33.1030429029,0.706850723771,0.47212060632,0.643348097575,0.742117606745,0.426648619366,201519.568888
80.8512404704,59,93,91,7.32060480071,27.255164823,0.706850723771,0.47212060632,0.643348097575,0.742117606745,0.426648619366,603.845166457
65.4869492208,33,63,49,59.4650124821,0.425624899153,0.706850723771,0.47212060632,0.643348097575,0.742117606745,0.426648619366,210434.394466
28.0229265652,36,42,64,34.8224545079,49.8018914904,0.706850723771,0.47212060632,0.643348097575,0.742117606745,0.426648619366,42261.0634858
67.2129444314,12,76,42,10.3981838135,98.6634266383,0.706850723771,0.47212060632,0.643348097575,0.742117606745,0.426648619366,1260.13233458
76.0704716385,91,53,40,95.0075494466,32.5739827245,0.706850723771,0.47212060632,0.643348097575,0.742117606745,0.426648619366,857718.877959
12.3800692981,26,6,81,61.9964130462,65.6730004189,0.706850723771,0.47212060632,0.643348097575,0.742117606745,0.426648619366,238324.214343
56.3785621721,79,77,60,66.0689140871,1.8884935748,0.706850723771,0.47212060632,0.643348097575,0.742117606745,0.426648619366,288495.565862
68.876425121,0,82,31,46.8958784609,76.0586647912,0.706850723771,0.47212060632,0.643348097575,0.742117606745,0.426648619366,103284.986442
61.7140504408,54,100,88,33.3425039284,46.6402922128,0.706850723771,0.47212060632,0.643348097575,0.742117606745,0.426648619366,37199.1889382
67.985633365,90,2,11,87.7920627043,50.0540220887,0.706850723771,0.47212060632,0.643348097575,0.742117606745,0.426648619366,676802.051909
5.4835511576,99,26,42,49.8560082751,44.6183869068,0.706850723771,0.47212060632,0.643348097575,0.742117606745,0.426648619366,123854.814674
54.1704927537,11,32,53,73.6239616698,89.0033695689,0.706850723771,0.47212060632,0.643348097575,0.742117606745,0.426648619366,399153.347535
5.50075927296,80,81,22,96.8274197964,59.9944499655,0.706850723771,0.47212060632,0.643348097575,0.742117606745,0.426648619366,907817.221391
36.1007536849,62,41,37,16.4028379821,52.9684449955,0.706850723771,0.47212060632,0.643348097575,0.742117606745,0.426648619366,4443.86231963
16.7164955356,62,59,18,92.2696326093,7.66596362684,0.706850723771,0.47212060632,0.643348097575,0.742117606745,0.426648619366,785583.732805
40.4930625789,88,83,87,68.0766167213,66.8626723848,0.706850723771,0.47212060632,0.643348097575,0.742117606745,0.426648619366,315621.811408
2.13957979528,74,21,62,77.2715700551,70.7844960647,0.706850723771,0.47212060632,0.643348097575,0.742117606745,0.426648619366,461329.972492
43.0071733121,67,34,3,83.9555548046,57.9580074816,0.706850723771,0.47212060632,0.643348097575,0.742117606745,0.426648619366,591783.510265
43.5893967056,75,7,36,26.4877746388,22.908671835,0.706850723771,0.47212060632,0.643348097575,0.742117606745,0.426648619366,18604.3950958
35.6487121512,95,98,19,50.1636497354,55.2567189884,0.706850723771,0.47212060632,0.643348097575,0.742117606745,0.426648619366,126430.103036
6.54657815831,2,50,99,88.4078940492,52.7690772949,0.706850723771,0.47212060632,0.643348097575,0.742117606745,0.426648619366,691049.552056
94.7765202808,59,44,17,66.9624647091,14.2897561154,0.706850723771,0.47212060632,0.643348097575,0.742117606745,0.426648619366,300433.178039
95.4658289834,14,45,98,75.5662374011,41.3006519466,0.706850723771,0.47212060632,0.643348097575,0.742117606745,0.426648619366,431656.339223
26.9100547529,1,63,86,48.3225942421,51.1377982425,0.706850723771,0.47212060632,0.643348097575,0.742117606745,0.426648619366,112926.618695
31.6517048068,49,27,81,75.9527025594,53.9756241861,0.706850723771,0.47212060632,0.643348097575,0.742117606745,0.426648619366,438168.227827
7.45139178487,21,67,23,3.11023323472,3.70085218807,0.706850723771,0.47212060632,0.643348097575,0.742117606745,0.426648619366,121.262362349
24.8362104635,81,31,3,22.5644715304,42.2255644088,0.706850723771,0.47212060632,0.643348097575,0.742117606745,0.426648619366,11493.7783768
88.8115962913,82,27,54,20.5696615126,19.4152203247,0.706850723771,0.47212060632,0.643348097575,0.742117606745,0.426648619366,8844.18710017
2.15213176453,51,32,12,97.6807482764,78.0473289031,0.706850723771,0.47212060632,0.643348097575,0.742117606745,0.426648619366,932091.449018
85.6786428282,21,23,1,55.0120257939,87.1474217159,0.706850723771,0.47212060632,0.643348097575,0.742117606745,0.426648619366,166611.247826
57.4088464859,50,77,10,71.3142710233,81.8765391657,0.706850723771,0.47212060632,0.643348097575,0.742117606745,0.426648619366,362805.535024
69.9952495194,53,15,57,81.1736997481,93.2591964639,0.706850723771,0.47212060632,0.643348097575,0.742117606745,0.426648619366,534973.68453
21.7533183549,75,58,25,12.006863297,46.0081326364,0.706850723771,0.47212060632,0.643348097575,0.742117606745,0.426648619366,1781.50398437
4.76150686545,56,42,6,99.9975333632,38.7670458255,0.706850723771,0.47212060632,0.643348097575,0.742117606745,0.426648619366,999943.277957
82.7069219629,65,21,46,24.8365713012,58.3418408739,0.706850723771,0.47212060632,0.643348097575,0.742117606745,0.426648619366,15478.9225697
46.5423328166,38,13,27,21.4132852711,42.2061314479,0.706850723771,0.47212060632,0.643348097575,0.742117606745,0.426648619366,9890.3684165
74.9947558075,82,87,32,80.5012060566,0.971084064031,0.706850723771,0.47212060632,0.643348097575,0.742117606745,0.426648619366,521872.051905
15.8745414978,65,8,87,22.0873653273,83.0895359634,0.706850723771,0.47212060632,0.643348097575,0.742117606745,0.426648619366,10852.1554682
73.0146441134,79,49,24,68.3894124426,76.9052895678,0.706850723771,0.47212060632,0.643348097575,0.742117606745,0.426648619366,319950.947598
7.83291434715,4,16,18,31.2957529748,52.4703454293,0.706850723771,0.47212060632,0.643348097575,0.742117606745,0.426648619366,30671.8711065
40.6899598084,24,31,56,45.6764512822,83.3990899516,0.706850723771,0.47212060632,0.643348097575,0.742117606745,0.426648619366,95345.9597579
64.0939434337,33,24,36,67.0093033295,74.1616504184,0.706850723771,0.47212060632,0.643348097575,0.742117606745,0.426648619366,301008.404592
86.1876952838,45,86,86,94.6759777172,8.3507875315,0.706850723771,0.47212060632,0.643348097575,0.742117606745,0.426648619366,848841.539845
11.3410830798,25,1,96,74.7268265008,64.6767258832,0.706850723771,0.47212060632,0.643348097575,0.742117606745,0.426648619366,417291.983039
18.2262334304,78,50,49,4.30760194233,58.8064456095,0.706850723771,0.47212060632,0.643348097575,0.742117606745,0.426648619366,187.29222601
22.405109184,24,42,67,14.1371803905,2.9368980059,0.706850723771,0.47212060632,0.643348097575,0.742117606745,0.426648619366,2867.27607977
67.0592822328,22,56,5,20.1482326416,99.9481008729,0.706850723771,0.47212060632,0.643348097575,0.742117606745,0.426648619366,8301.10643118
17.2597473406,96,45,4,85.1945854995,74.831124628,0.706850723771,0.47212060632,0.643348097575,0.742117606745,0.426648619366,618508.230635
5.43107410431,34,40,29,79.679985664,7.54648897267,0.706850723771,0.47212060632,0.643348097575,0.742117606745,0.426648619366,505943.026429
97.5663437232,27,58,77,51.1492790053,57.183370555,0.706850723771,0.47212060632,0.643348097575,0.742117606745,0.426648619366,134001.624905
1.68618788335,69,73,58,43.110111008,2.17430146251,0.706850723771,0.47212060632,0.643348097575,0.742117606745,0.426648619366,80187.1475822
70.7810986989,60,8,31,56.5422911489,3.83054141104,0.706850723771,0.47212060632,0.643348097575,0.742117606745,0.426648619366,180827.528677
10.1290085908,74,81,98,58.6628170428,92.2260472885,0.706850723771,0.47212060632,0.643348097575,0.742117606745,0.426648619366,201895.538392
63.6904230599,86,95,53,34.6735235314,8.75705093848,0.706850723771,0.47212060632,0.643348097575,0.742117606745,0.426648619366,41766.0247243
52.6460498253,29,23,35,95.0874956556,26.1107787894,0.706850723771,0.47212060632,0.643348097575,0.742117606745,0.426648619366,859802.099845
32.4595328434,55,65,10,31.629923251,48.3222276744,0.706850723771,0.47212060632,0.643348097575,0.742117606745,0.426648619366,31686.1503725
31.228979035,24,6,50,93.4445973005,89.7211971411,0.706850723771,0.47212060632,0.643348097575,0.742117606745,0.426648619366,815963.435787
66.7361766558,62,22,54,3.95452684831,17.6976788861,0.706850723771,0.47212060632,0.643348097575,0.742117606745,0.426648619366,104.190192794
75.2775012549,7,87,93,66.3352272875,80.5696545886,0.706850723771,0.47212060632,0.643348097575,0.742117606745,0.426648619366,292064.966702
5.16437177495,66,1,75,9.16651275627,85.5173690306,0.706850723771,0.47212060632,0.643348097575,0.742117606745,0.426648619366,774.240046009
43.515162615,98,90,31,18.5321325286,27.4927356919,0.706850723771,0.47212060632,0.643348097575,0.742117606745,0.426648619366,6441.59411219
84.9446237711,32,90,73,34.835455155,32.8140809202,0.706850723771,0.47212060632,0.643348097575,0.742117606745,0.426648619366,42465.0496206
32.8310447463,46,57,85,31.3018491068,34.3787653636,0.706850723771,0.47212060632,0.643348097575,0.742117606745,0.426648619366,30800.8692084
65.4287276663,24,89,43,99.3377938236,94.9838032696,0.706850723771,0.47212060632,0.643348097575,0.742117606745,0.426648619366,980396.942496
27.1342287064,49,3,27,58.6570513562,52.2996982569,0.706850723771,0.47212060632,0.643348097575,0.742117606745,0.426648619366,201802.72134
85.5697615414,99,24,69,45.7041945065,67.1236877302,0.706850723771,0.47212060632,0.643348097575,0.742117606745,0.426648619366,95480.8094671
54.6205640038,13,18,93,56.1864858669,5.12035740171,0.706850723771,0.47212060632,0.643348097575,0.742117606745,0.426648619366,177453.442508
89.4682180792,18,27,94,60.4329221669,44.5313418113,0.706850723771,0.47212060632,0.643348097575,0.742117606745,0.426648619366,220812.081626
43.0178688723,15,94,35,21.7302037514,86.4499913622,0.706850723771,0.47212060632,0.643348097575,0.742117606745,0.426648619366,10407.3843534
28.5305013849,21,83,72,84.2088069529,11.2621669874,0.706850723771,0.47212060632,0.643348097575,0.742117606745,0.426648619366,597264.376062
71.4128806536,35,36,27,50.1512011935,84.8980157595,0.706850723771,0.47212060632,0.643348097575,0.742117606745,0.426648619366,126230.824541
35.1422825331,77,82,30,95.3949264902,81.7927050443,0.706850723771,0.47212060632,0.643348097575,0.742117606745,0.426648619366,868305.264196
93.162827675,93,23,15,62.4569904973,35.2183605427,0.706850723771,0.47212060632,0.643348097575,0.742117606745,0.426648619366,243665.577028
76.7763798884,67,49,7,47.400845018,71.7708193914,0.706850723771,0.47212060632,0.643348097575,0.742117606745,0.426648619366,106571.233287
97.0256040177,26,78,85,27.6962997963,84.4683204331,0.706850723771,0.47212060632,0.643348097575,0.742117606745,0.426648619366,21440.0927979
83.3414946869,96,69,77,55.8969429544,71.4722959158,0.706850723771,0.47212060632,0.643348097575,0.742117606745,0.426648619366,174895.987946
83.4059745417,59,68,74,21.1022273471,28.5156666579,0.706850723771,0.47212060632,0.643348097575,0.742117606745,0.426648619366,9584.89459634
75.2973759933,34,94,70,19.4628221132,17.3951695246,0.706850723771,0.47212060632,0.643348097575,0.742117606745,0.426648619366,7560.60521072
77.1927469074,93,85,25,6.10592557344,37.604568199,0.706850723771,0.47212060632,0.643348097575,0.742117606745,0.426648619366,301.513270548
82.4703169868,25,36,87,7.36533819579,17.8458628299,0.706850723771,0.47212060632,0.643348097575,0.742117606745,0.426648619366,513.89609454
13.280091509,37,16,7,17.6212523543,98.1442432655,0.706850723771,0.47212060632,0.643348097575,0.742117606745,0.426648619366,5477.67541237
7.38963778273,97,89,61,81.6837742961,7.86037041464,0.706850723771,0.47212060632,0.643348097575,0.742117606745,0.426648619366,545145.908629
39.6459423478,26,82,54,83.5526816869,50.7533452911,0.706850723771,0.47212060632,0.643348097575,0.742117606745,0.426648619366,583426.413721
47.0417503484,10,12,32,93.431289742,95.9596697219,0.706850723771,0.47212060632,0.643348097575,0.742117606745,0.426648619366,815653.80515
99.039658527,37,9,88,23.628624226,89.5531097918,0.706850723771,0.47212060632,0.643348097575,0.742117606745,0.426648619366,13276.4058258
8.26406970342,8,56,82,75.5112182865,31.5945272598,0.706850723771,0.47212060632,0.643348097575,0.742117606745,0.426648619366,430633.236784
52.4383582725,10,76,84,38.4743447387,19.189964488,0.706850723771,0.47212060632,0.643348097575,0.742117606745,0.426648619366,57076.3498086
17.4764766235,58,17,77,51.7645765629,57.3220874491,0.706850723771,0.47212060632,0.643348097575,0.742117606745,0.426648619366,138799.940815
41.0629142544,71,63,76,28.6366309323,59.6997038667,0.706850723771,0.47212060632,0.643348097575,0.742117606745,0.426648619366,23655.8129921
30.0207468955,80,7,73,27.4388802883,44.8269413084,0.706850723771,0.47212060632,0.643348097575,0.742117606745,0.426648619366,20615.3504969
41.3398991172,26,64,73,62.8038515319,60.3256244209,0.706850723771,0.47212060632,0.643348097575,0.742117606745,0.426648619366,247843.213919
95.8875928049,87,52,93,13.6392147385,43.291453269,0.706850723771,0.47212060632,0.643348097575,0.742117606745,0.426648619366,2612.71943536
22.819884519,49,56,14,84.0025571663,68.3157454354,0.706850723771,0.47212060632,0.643348097575,0.742117606745,0.426648619366,592791.208356
67.9215228622,23,91,41,9.18334964187,37.2929801135,0.706850723771,0.47212060632,0.643348097575,0.742117606745,0.426648619366,913.767619014
67.7580138691,32,67,23,22.5349401394,30.4480956022,0.706850723771,0.47212060632,0.643348097575,0.742117606745,0.426648619366,11595.3302315
0.255781751776,99,66,8,21.164016112,16.7442108865,0.706850723771,0.47212060632,0.643348097575,0.742117606745,0.426648619366,9448.01617283
61.545824741,99,96,4,67.4811711768,1.91040159098,0.706850723771,0.47212060632,0.643348097575,0.742117606745,0.426648619366,307347.512182
71.2480014219,78,88,38,69.4301053259,97.9919576639,0.706850723771,0.47212060632,0.643348097575,0.742117606745,0.426648619366,334890.201678
14.2946040758,66,56,72,30.015240748,17.9686126603,0.706850723771,0.47212060632,0.643348097575,0.742117606745,0.426648619366,27109.9669797
52.8958574756,9,38,74,57.392971022,49.3861113928,0.706850723771,0.47212060632,0.643348097575,0.742117606745,0.426648619366,189143.375899
98.4628172091,73,55,38,94.3536914216,51.8701381254,0.706850723771,0.47212060632,0.643348097575,0.742117606745,0.426648619366,840099.328812
76.0415846201,81,14,85,97.8755655828,60.1929274939,0.706850723771,0.47212060632,0.643348097575,0.742117606745,0.426648619366,937650.190501
53.4552241391,62,14,44,10.8342484688,33.9667549142,0.706850723771,0.47212060632,0.643348097575,0.742117606745,0.426648619366,1293.37799107
19.8028162294,26,27,13,34.2848806173,47.1396046701,0.706850723771,0.47212060632,0.643348097575,0.742117606745,0.426648619366,40367.3166145
88.9525959403,49,32,41,49.6056318904,36.0687732027,0.706850723771,0.47212060632,0.643348097575,0.742117606745,0.426648619366,122139.566867
1.30707781614,8,97,67,88.8724485654,33.512783148,0.706850723771,0.47212060632,0.643348097575,0.742117606745,0.426648619366,702047.703529
53.8942339554,10,7,77,52.9579766929,91.4651980103,0.706850723771,0.47212060632,0.643348097575,0.742117606745,0.426648619366,148579.603847
9.05680134712,20,72,92,51.4621291719,19.973990639,0.706850723771,0.47212060632,0.643348097575,0.742117606745,0.426648619366,136388.304058
3.73413720764,5,55,49,33.0476410654,13.2077788294,0.706850723771,0.47212060632,0.643348097575,0.742117606745,0.426648619366,36145.8539294
72.7075094148,58,44,22,53.7657129048,16.9266034739,0.706850723771,0.47212060632,0.643348097575,0.742117606745,0.426648619366,155597.621154
5.27397273405,84,100,72,16.0600805843,60.4802510116,0.706850723771,0.47212060632,0.643348097575,0.742117606745,0.426648619366,4309.43115305
46.1156608732,93,68,88,14.9902592958,12.4072674431,0.706850723771,0.47212060632,0.643348097575,0.742117606745,0.426648619366,3394.39011343
0.865289231904,21,61,12,90.9542159972,96.3643357563,0.706850723771,0.47212060632,0.643348097575,0.742117606745,0.426648619366,752513.058664
2.04554369336,27,79,25,3.44289836701,20.3677898656,0.706850723771,0.47212060632,0.643348097575,0.742117606745,0.426648619366,147.545907075
40.9243311722,97,91,44,26.7559229372,73.0444486035,0.706850723771,0.47212060632,0.643348097575,0.742117606745,0.426648619366,19322.7783694
30.9792420707,13,92,76,25.6676237473,72.4009090094,0.706850723771,0.47212060632,0.643348097575,0.742117606745,0.426648619366,17039.5287317
38.0409105533,0,67,84,11.1288314136,50.9448942265,0.706850723771,0.47212060632,0.643348097575,0.742117606745,0.426648619366,1484.08976089
33.7897942741,32,68,39,64.4915078116,4.53584540443,0.706850723771,0.47212060632,0.643348097575,0.742117606745,0.426648619366,268350.54933
53.5191623632,66,68,35,12.8248943013,71.9351537509,0.706850723771,0.47212060632,0.643348097575,0.742117606745,0.426648619366,2228.75046343
82.6659275207,60,8,14,37.4649949951,19.7069624567,0.706850723771,0.47212060632,0.643348097575,0.742117606745,0.426648619366,52660.2033422
36.7151385972,58,90,61,91.901699172,16.6265135265,0.706850723771,0.47212060632,0.643348097575,0.742117606745,0.426648619366,776377.947062
46.5983889064,38,68,36,45.4248809435,95.5929249439,0.706850723771,0.47212060632,0.643348097575,0.742117606745,0.426648619366,93855.4677641
51.6351251933,85,14,66,47.9050430485,4.52970021372,0.706850723771,0.47212060632,0.643348097575,0.742117606745,0.426648619366,109987.597278
93.3744789729,58,41,28,36.3194119477,13.8900747187,0.706850723771,0.47212060632,0.643348097575,0.742117606745,0.426648619366,48101.1568298
73.6668947272,78,36,65,18.7684955221,80.5158254683,0.706850723771,0.47212060632,0.643348097575,0.742117606745,0.426648619366,6761.90716252
55.4415256446,33,65,9,61.6284881048,20.8373220606,0.706850723771,0.47212060632,0.643348097575,0.742117606745,0.426648619366,234223.196206
36.9114628432,11,15,78,89.7524881487,28.0733997414,0.706850723771,0.47212060632,0.643348097575,0.742117606745,0.426648619366,723043.41317
50.9958733524,33,5,27,74.7697556641,68.3155256536,0.706850723771,0.47212060632,0.643348097575,0.742117606745,0.426648619366,418091.491768
15.186196237,92,50,10,71.1019225064,52.1429840195,0.706850723771,0.47212060632,0.643348097575,0.742117606745,0.426648619366,359447.519105
40.3886745865,11,88,58,99.8156420979,55.3885229078,0.706850723771,0.47212060632,0.643348097575,0.742117606745,0.426648619366,994597.834678
80.4918932887,70,49,31,37.4010735709,1.24446202665,0.706850723771,0.47212060632,0.643348097575,0.742117606745,0.426648619366,52501.573252
68.228322861,53,71,91,1.94844278341,30.2677224538,0.706850723771,0.47212060632,0.643348097575,0.742117606745,0.426648619366,167.715468566
42.0736099103,45,30,61,47.9060161327,5.13456735851,0.706850723771,0.47212060632,0.643348097575,0.742117606745,0.426648619366,110053.052778
23.0351191179,50,4,29,18.5380315562,17.0097766265,0.706850723771,0.47212060632,0.643348097575,0.742117606745,0.426648619366,6384.006973
20.4347064633,27,74,44,45.0468428684,53.0545979789,0.706850723771,0.47212060632,0.643348097575,0.742117606745,0.426648619366,91530.1413109
29.7532802244,10,34,96,86.7244100903,62.6241258531,0.706850723771,0.47212060632,0.643348097575,0.742117606745,0.426648619366,652324.278543
0.150737955324,68,23,21,5.78000052205,60.3367735072,0.706850723771,0.47212060632,0.643348097575,0.742117606745,0.426648619366,156.02891563
69.8108461671,90,29,14,63.4845007892,24.4344696079,0.706850723771,0.47212060632,0.643348097575,0.742117606745,0.426648619366,256040.691835
54.1753058859,76,3,44,85.539706971,70.2133567957,0.706850723771,0.47212060632,0.643348097575,0.742117606745,0.426648619366,625997.800314
65.3998983004,53,49,45,90.996492297,67.8659430007,0.706850723771,0.47212060632,0.643348097575,0.742117606745,0.426648619366,753620.096329
1.67195949714,50,49,55,70.6516012156,93.8540649143,0.706850723771,0.47212060632,0.643348097575,0.742117606745,0.426648619366,352704.530661
94.7033280029,2,89,5,30.9446608827,38.8786687306,0.706850723771,0.47212060632,0.643348097575,0.742117606745,0.426648619366,29816.3049588
36.365009177,99,46,67,86.097311138,44.2751048153,0.706850723771,0.47212060632,0.643348097575,0.742117606745,0.426648619366,638200.171583
88.0213489547,71,93,93,55.0784114052,82.9009390832,0.706850723771,0.47212060632,0.643348097575,0.742117606745,0.426648619366,167335.196409
12.358733609,90,5,19,35.9853458826,16.9904333653,0.706850723771,0.47212060632,0.643348097575,0.742117606745,0.426648619366,46697.0162913
66.234393427,46,74,47,92.1650998087,31.7080537179,0.706850723771,0.47212060632,0.643348097575,0.742117606745,0.426648619366,783069.582266
52.6551517471,84,7,68,17.7793487947,51.8464272092,0.706850723771,0.47212060632,0.643348097575,0.742117606745,0.426648619366,5740.49059209
