9.00756360111,86.1735131434,65.8086259073,96.0301970879,17.0223427183,19.3869304415,85.056118311,85.056118311,85.056118311,85.056118311,85.056118311,4924.29284101
40.8905208326,56.1735785379,26.4595838506,11.7348215773,92.8509594716,30.697383958,7.94516649806,7.94516649806,7.94516649806,7.94516649806,7.94516649806,800541.175451
80.7827149931,32.1065001425,92.8953677413,77.7337494203,72.6038989416,89.5370212977,64.7324705446,64.7324705446,64.7324705446,64.7324705446,64.7324705446,382914.535388
49.9440749113,84.1841907188,86.9210620927,56.1321092594,92.9554765263,36.6515814274,83.4349521418,83.4349521418,83.4349521418,83.4349521418,83.4349521418,803389.692424
50.2139586853,97.7679256386,33.9360397768,98.6261486577,27.7575771527,35.8387774719,24.2509431507,24.2509431507,24.2509431507,24.2509431507,24.2509431507,21433.889655
59.8974711493,1.81984233757,69.7905047481,40.129700544,41.1661584262,53.861866436,64.2402280833,64.2402280833,64.2402280833,64.2402280833,64.2402280833,69895.3353931
63.7416641572,76.8504821083,28.6730389777,73.3123968724,54.9373271256,98.4853076141,86.9824808954,86.9824808954,86.9824808954,86.9824808954,86.9824808954,165975.411687
26.0986617063,97.1625226131,76.9108315096,39.2922037814,85.4075445246,96.1583253858,8.11865593269,8.11865593269,8.11865593269,8.11865593269,8.11865593269,623127.784429
56.7201110767,5.85829378093,46.2398209352,73.5310067244,45.1286150119,48.953275252,67.3342303604,67.3342303604,67.3342303604,67.3342303604,67.3342303604,92007.6704758
34.4672226083,16.8637893348,58.0469245891,51.1644060011,57.674190606,96.9984955097,8.89233836531,8.89233836531,8.89233836531,8.89233836531,8.89233836531,191920.937033
46.6837926909,16.7331318973,36.3217967411,84.2846050447,16.5608853232,93.833724311,64.38996801,64.38996801,64.38996801,64.38996801,64.38996801,4610.80116875
45.4739886109,95.1051898258,81.6342831676,19.9854481063,17.8789883531,50.502103111,64.6423514687,64.6423514687,64.6423514687,64.6423514687,64.6423514687,5915.54455114
59.6797859106,63.0661101108,66.1196642265,16.6519012525,88.7431179279,50.7794190041,14.8431297916,14.8431297916,14.8431297916,14.8431297916,14.8431297916,699021.676775
89.625856048,93.4472766646,23.2746669171,85.3945401369,99.5707226285,8.63105790273,91.4572363752,91.4572363752,91.4572363752,91.4572363752,91.4572363752,987223.121103
91.1665294554,1.84938609683,54.9896446995,35.2315194706,78.7210777211,93.9858908992,42.5346374385,42.5346374385,42.5346374385,42.5346374385,42.5346374385,487981.967325
24.4387449788,86.807448711,74.5915557309,72.4402192004,31.6491247613,17.2796068089,67.9015667129,67.9015667129,67.9015667129,67.9015667129,67.9015667129,31720.2547125
47.1312833528,94.2828844348,19.3444607931,89.4992646674,4.31252424541,46.9683388102,54.4391305948,54.4391305948,54.4391305948,54.4391305948,54.4391305948,149.988579775
22.1896152604,55.9509006104,89.7452672314,20.4688412328,66.3160126735,6.64400135955,86.5140053322,86.5140053322,86.5140053322,86.5140053322,86.5140053322,291726.667233
69.8672117728,2.28616951814,43.8046863525,71.5520665403,29.348747413,37.4780083319,27.3220493278,27.3220493278,27.3220493278,27.3220493278,27.3220493278,25395.9415419
76.3861740922,24.4738681375,10.581813422,10.9059870537,40.192698775,66.3800405712,19.9806207563,19.9806207563,19.9806207563,19.9806207563,19.9806207563,64999.5803309
2.57728351684,53.2064423865,66.6500289206,87.2542118235,65.6982981425,27.0404559813,33.0807151557,33.0807151557,33.0807151557,33.0807151557,33.0807151557,283651.485591
92.3874777545,20.8445435703,82.319995916,95.7407260395,79.7344536763,88.5952262331,7.47395280199,7.47395280199,7.47395280199,7.47395280199,7.47395280199,507112.749066
69.7542803347,84.3973597119,70.5595323426,73.0074910832,19.9743332369,79.6208796837,30.6529792249,30.6529792249,30.6529792249,30.6529792249,30.6529792249,8143.86769343
36.4293582498,82.2780777358,42.7242542541,37.4994036221,2.44982173112,53.261437862,67.2806307277,67.2806307277,67.2806307277,67.2806307277,67.2806307277,138.927399083
92.3307233142,3.94740273618,79.8420457306,45.6252406111,54.1361051183,74.0479627412,70.3732702731,70.3732702731,70.3732702731,70.3732702731,70.3732702731,158826.977292
63.120993922,43.2151728816,28.8508660293,54.0130946546,1.50371493822,43.5573387165,41.6385852123,41.6385852123,41.6385852123,41.6385852123,41.6385852123,63.8714278237
41.8523208822,82.0266805191,17.1248043953,39.5409671725,86.0297950167,78.3277977205,75.6565625774,75.6565625774,75.6565625774,75.6565625774,75.6565625774,636805.013786
38.3714957467,3.25061101647,26.7663258914,44.6130974183,33.7753797313,82.2549238256,61.2829116116,61.2829116116,61.2829116116,61.2829116116,61.2829116116,38596.2574229
69.8916892012,5.22348307994,64.4361293113,20.8266434064,95.8320534696,25.8228486125,98.934482641,98.934482641,98.934482641,98.934482641,98.934482641,880231.492211
22.8132579176,5.65713997639,49.7248447238,21.0974886768,90.2019214205,74.7190686981,60.0461287975,60.0461287975,60.0461287975,60.0461287975,60.0461287975,733986.756524
85.1925644102,78.0697790442,97.5653064259,48.5802596181,12.5932989878,53.9155215074,66.7576679478,66.7576679478,66.7576679478,66.7576679478,66.7576679478,2214.16927855
63.1264703233,31.0021956654,1.62987121229,14.3488364841,41.7197542848,8.74215355083,50.2442346518,50.2442346518,50.2442346518,50.2442346518,50.2442346518,72668.3260909
41.949348361,56.0947845473,27.6630229203,83.3380678311,34.4326076907,45.8173617601,59.1439773289,59.1439773289,59.1439773289,59.1439773289,59.1439773289,40870.4097113
77.1499440508,73.750690601,28.8512845503,9.73819253644,43.0440694069,31.8133791706,84.5370603536,84.5370603536,84.5370603536,84.5370603536,84.5370603536,79782.9337469
61.811804093,75.6264539228,34.0411261846,58.7433448943,32.0389512522,99.4040112293,74.8695266861,74.8695266861,74.8695266861,74.8695266861,74.8695266861,33002.458581
55.231146859,5.05113997715,65.1679647476,94.1363452605,88.9944443797,34.3894289,59.5460348221,59.5460348221,59.5460348221,59.5460348221,59.5460348221,704953.345439
53.6684781141,45.4796449969,89.0726087084,44.0058796962,36.7974784131,67.5907485301,70.6407579402,70.6407579402,70.6407579402,70.6407579402,70.6407579402,50013.4233587
74.5391427613,82.0430024216,9.86183795797,4.09511578767,69.1352567552,63.2332553845,2.61921761302,2.61921761302,2.61921761302,2.61921761302,2.61921761302,330556.656739
21.9175110552,85.9041906414,76.5772834973,61.3703394501,63.8407350875,50.7843700849,40.1936418699,40.1936418699,40.1936418699,40.1936418699,40.1936418699,260212.831082
64.6487114034,84.4339727063,88.9245839362,78.790398812,59.6978999329,88.4078534936,68.9052546788,68.9052546788,68.9052546788,68.9052546788,68.9052546788,212939.674177
44.0410256924,59.9752513466,32.231172515,69.7627185222,9.04668832887,86.0428648396,85.8620308316,85.8620308316,85.8620308316,85.8620308316,85.8620308316,799.606489618
49.5794150084,19.3092378566,8.69804368134,60.634168639,7.28009326251,58.1401541899,47.7232908707,47.7232908707,47.7232908707,47.7232908707,47.7232908707,451.372059321
45.0812565596,0.0274606351894,29.6971949984,94.3283169989,30.6833968509,86.1728623116,78.5482328965,78.5482328965,78.5482328965,78.5482328965,78.5482328965,28961.9148712
74.0097484634,0.245839946797,28.3560870847,86.2931309606,41.8331236511,60.8374637584,23.3409076567,23.3409076567,23.3409076567,23.3409076567,23.3409076567,73309.0114521
44.0213662878,6.83613292915,95.7270084551,4.34106191416,33.8128552224,32.6768372084,88.3361622017,88.3361622017,88.3361622017,88.3361622017,88.3361622017,38800.0395006
99.9512649191,93.1402344829,22.936367727,7.23230367529,31.0774977314,73.6999021292,20.4222636991,20.4222636991,20.4222636991,20.4222636991,20.4222636991,30055.4187286
41.1100690648,49.5107663236,54.1239717789,62.3922586057,25.1601725398,44.7168571561,28.133668782,28.133668782,28.133668782,28.133668782,28.133668782,15988.0896415
6.49928611167,95.6510296077,66.5773998182,48.8797449147,46.9563835025,83.4794485637,47.5225723325,47.5225723325,47.5225723325,47.5225723325,47.5225723325,103699.94614
90.9597844746,88.7070156797,99.7875548927,65.2057199092,89.1655740738,25.8246763182,82.3485665384,82.3485665384,82.3485665384,82.3485665384,82.3485665384,709163.225551
34.6979976826,7.71454031128,77.3541758284,57.4116352513,38.9439725658,43.883328719,1.36867833925,1.36867833925,1.36867833925,1.36867833925,1.36867833925,59183.2997287
23.0958909124,1.27935659426,30.0971274715,56.2178312273,46.5709561316,62.0248099224,68.5691648152,68.5691648152,68.5691648152,68.5691648152,68.5691648152,101058.710362
80.9631681,84.1483530232,82.9870132344,23.0583530637,91.6683518633,49.952465036,87.0163516508,87.0163516508,87.0163516508,87.0163516508,87.0163516508,770512.139325
24.3300018541,19.0390576534,80.0895361057,13.3222169067,49.1519402123,8.41499336278,25.908743428,25.908743428,25.908743428,25.908743428,25.908743428,118854.536644
39.2734750132,38.694861653,64.9769618628,17.6502711132,16.5394662828,55.0125685469,2.90390157444,2.90390157444,2.90390157444,2.90390157444,2.90390157444,4659.31034501
33.039373975,29.1929711437,2.58701682751,61.5544789666,68.3416898855,70.0057369851,7.36225579492,7.36225579492,7.36225579492,7.36225579492,7.36225579492,319206.303395
54.7556759718,28.0196175534,57.6407599036,72.9090067861,67.6152571058,95.7560054793,3.96800499343,3.96800499343,3.96800499343,3.96800499343,3.96800499343,309244.54852
31.4360781049,10.6231454875,37.4658236687,37.4422500861,75.3284171385,24.4944056516,31.2934493076,31.2934493076,31.2934493076,31.2934493076,31.2934493076,427499.106407
35.9596855867,33.2020915064,14.4130474169,43.0246182119,42.7084851766,76.1753472596,4.86018876042,4.86018876042,4.86018876042,4.86018876042,4.86018876042,77983.8371523
27.623833566,40.318321204,30.9759979305,18.4346325489,20.3595358063,26.5076805946,29.7124932298,29.7124932298,29.7124932298,29.7124932298,29.7124932298,8516.62445389
45.3313200098,23.4514027395,33.9474373861,28.1658632424,34.952210166,66.3506027219,73.8611251507,73.8611251507,73.8611251507,73.8611251507,73.8611251507,42755.2118135
33.5100061968,1.62903923806,26.2743683923,16.1627861124,12.0550718447,16.2658330194,22.9654952447,22.9654952447,22.9654952447,22.9654952447,22.9654952447,1813.81250525
28.7396565497,48.7551065251,98.9585516372,50.0966407713,36.2581780808,38.2958072612,13.7747328147,13.7747328147,13.7747328147,13.7747328147,13.7747328147,47745.0049943
73.1299899202,34.8210048511,31.1198991358,41.2410352701,55.1646029503,77.3272548175,21.3431928078,21.3431928078,21.3431928078,21.3431928078,21.3431928078,167967.784291
36.2329634259,85.9195279751,62.6626380985,17.4435838381,62.4782670854,57.169266994,63.725610874,63.725610874,63.725610874,63.725610874,63.725610874,243908.452724
96.0318619801,36.6733084272,24.1407415982,40.653792747,79.5445006264,53.580148762,31.4817852478,31.4817852478,31.4817852478,31.4817852478,31.4817852478,503393.82183
87.2219814398,7.13986891495,64.6449739587,70.0803386422,88.1799686894,43.1816582109,81.4927839763,81.4927839763,81.4927839763,81.4927839763,81.4927839763,685820.517266
44.835971494,58.3612618266,97.812151621,43.9227967026,70.846528397,68.8975814861,83.4691326531,83.4691326531,83.4691326531,83.4691326531,83.4691326531,355794.331883
94.2253238441,71.134540891,72.8182677007,80.5759328811,26.6467251005,16.8300032681,13.2575289916,13.2575289916,13.2575289916,13.2575289916,13.2575289916,19150.4096717
43.2245047001,97.6311681456,93.6093830385,65.2793173158,22.9125027561,3.33788413621,79.7592537709,79.7592537709,79.7592537709,79.7592537709,79.7592537709,12142.0602972
42.8664404743,96.9105916482,86.1952105767,98.1372332017,38.3419752787,4.96530208481,13.5011714835,13.5011714835,13.5011714835,13.5011714835,13.5011714835,56539.4589468
0.545056138551,99.5276214911,50.7452650783,38.3986708211,51.8199031758,14.4377643376,14.5200468284,14.5200468284,14.5200468284,14.5200468284,14.5200468284,139119.878069
31.016105782,44.0804075267,35.1538426485,39.496781998,74.3405897216,83.3223519038,70.6193234876,70.6193234876,70.6193234876,70.6193234876,70.6193234876,410917.454577
52.8446904734,95.6249692433,83.4045085257,73.660270536,43.0987876578,19.3272366615,58.5643074324,58.5643074324,58.5643074324,58.5643074324,58.5643074324,80286.3326999
47.7791646189,87.9370630602,75.5308310595,20.7039666701,50.3275872997,97.3781890237,15.4483624808,15.4483624808,15.4483624808,15.4483624808,15.4483624808,127595.886032
76.0074857476,66.4384566944,79.9946482749,79.582549266,11.7771327016,21.3446218291,34.7600324658,34.7600324658,34.7600324658,34.7600324658,34.7600324658,1758.57777627
68.5341760712,69.5373925258,45.071516583,51.9541993282,91.4002115583,19.2099532707,54.8921401984,54.8921401984,54.8921401984,54.8921401984,54.8921401984,763699.910937
0.819674675078,25.7009449837,97.5063357917,30.7435577963,98.3906506977,26.9439857179,22.3034844027,22.3034844027,22.3034844027,22.3034844027,22.3034844027,952604.200712
32.262350795,72.8384319082,97.6209032145,18.4144338654,45.8688831674,48.7425839108,58.3780796404,58.3780796404,58.3780796404,58.3780796404,58.3780796404,96595.270934
23.2889821281,97.4350773325,95.717705178,20.8129427398,74.7183095512,39.0433002083,9.88927525039,9.88927525039,9.88927525039,9.88927525039,9.88927525039,417253.785225
39.5829285549,69.2378784697,29.3842622348,25.1987441447,80.2073146419,14.4741917238,42.2311418464,42.2311418464,42.2311418464,42.2311418464,42.2311418464,516068.730973
19.7158574936,70.4951899881,54.5886286691,15.3075386536,53.2737954938,34.1576046605,11.9248410615,11.9248410615,11.9248410615,11.9248410615,11.9248410615,151339.159647
14.1240682354,48.7024452557,93.990170682,81.556951013,64.7048720931,47.6611557602,62.7290437596,62.7290437596,62.7290437596,62.7290437596,62.7290437596,270960.027573
89.9104743093,68.2502914551,83.8901923444,68.8418051492,28.6806729688,91.6454935671,98.5821647314,98.5821647314,98.5821647314,98.5821647314,98.5821647314,23714.4653223
86.4352597108,57.5961839569,85.1013520116,52.0021919147,62.8712412722,24.4679598742,73.5022363234,73.5022363234,73.5022363234,73.5022363234,73.5022363234,248738.485024
13.9826736836,27.600885848,10.3297970375,68.6612838147,93.9986814527,11.1564033309,5.19717754228,5.19717754228,5.19717754228,5.19717754228,5.19717754228,830589.372854
39.0848792758,9.18999699382,79.5899541836,40.888737616,10.1413228281,99.4983321568,29.7329602573,29.7329602573,29.7329602573,29.7329602573,29.7329602573,1162.7816696
32.1078141452,5.8670610732,50.7431545154,12.6495721351,31.5856154162,62.8380443837,46.1848741675,46.1848741675,46.1848741675,46.1848741675,46.1848741675,31591.6491607
80.5764974363,14.637559757,7.38928455672,53.3557572191,74.7416500128,49.6710831183,72.5907129316,72.5907129316,72.5907129316,72.5907129316,72.5907129316,417631.862166
31.4368677291,64.2461382355,1.06329875102,77.3436248618,58.9925688458,55.8985869213,44.5655531194,44.5655531194,44.5655531194,44.5655531194,44.5655531194,205398.257775
15.3118312262,72.8820528967,36.4845067295,91.0578965617,62.0380826426,54.70055904,78.7500067649,78.7500067649,78.7500067649,78.7500067649,78.7500067649,238775.913023
17.5860218778,40.2878438574,29.1359421285,34.1106289611,16.6971975138,36.235941556,9.39277621457,9.39277621457,9.39277621457,9.39277621457,9.39277621457,4723.95156923
64.4433814357,78.9156808813,87.1674474015,26.0367078844,17.1702420969,13.3261309731,12.3199910585,12.3199910585,12.3199910585,12.3199910585,12.3199910585,5186.35716996
6.27954571364,76.2412698235,78.9087806786,90.5025629487,27.091308405,36.2569553601,4.22970764653,4.22970764653,4.22970764653,4.22970764653,4.22970764653,20027.0427205
93.0596493374,55.117840165,73.2694471406,49.4250625668,86.7135780324,63.2074470668,42.6096320282,42.6096320282,42.6096320282,42.6096320282,42.6096320282,652132.439162
45.4828842132,74.5423777699,95.7468857093,75.6152812161,33.1583594409,11.5341375126,55.810313808,55.810313808,55.810313808,55.810313808,55.810313808,36541.8473134
4.30448809604,32.2627538398,62.6966689508,75.3547813621,17.9063865631,87.0804080658,56.7946458008,56.7946458008,56.7946458008,56.7946458008,56.7946458008,5832.16383407
91.536043992,12.6984079082,65.6322741239,60.9790923372,15.2101379952,25.7491987989,33.1896292663,33.1896292663,33.1896292663,33.1896292663,33.1896292663,3677.07668285
29.0053566626,25.1830191415,36.3267424978,63.2360393027,48.4954457252,71.410641496,46.0411789874,46.0411789874,46.0411789874,46.0411789874,46.0411789874,114118.324324
43.9738862173,72.2572834734,49.7368207483,29.8262770927,57.8319448093,55.7397510596,28.9387482473,28.9387482473,28.9387482473,28.9387482473,28.9387482473,193512.945154
59.5535511109,92.1500463242,7.45905040717,30.6741565539,27.1107366334,85.0415077211,36.5151171838,36.5151171838,36.5151171838,36.5151171838,36.5151171838,19911.9791425
89.7978783597,48.0105634518,55.2402213377,77.4559387414,74.6064067777,58.1882637309,93.1124866025,93.1124866025,93.1124866025,93.1124866025,93.1124866025,415376.15239
88.8968456019,92.6202798867,96.1986656133,12.3772802019,68.3283404985,97.8115962402,55.2110377461,55.2110377461,55.2110377461,55.2110377461,55.2110377461,319100.671404
82.0216812207,57.1572692226,13.0306858317,53.804838163,98.3803087224,8.47018621513,21.715575348,21.715575348,21.715575348,21.715575348,21.715575348,952320.37512
12.4603018215,22.8613609601,70.5262409498,59.1610512003,59.0588558497,25.1779070192,69.6594749625,69.6594749625,69.6594749625,69.6594749625,69.6594749625,206061.228106
41.532886083,7.49106699983,61.6240731635,85.9874852652,46.0012299608,25.3175011113,28.0841315289,28.0841315289,28.0841315289,28.0841315289,28.0841315289,97453.0029487
1.79557935851,67.266445139,94.9645440523,1.31167905526,42.8440610706,24.5866686479,69.0131821294,69.0131821294,69.0131821294,69.0131821294,69.0131821294,78677.2012779
83.1164910816,14.5473906808,57.5953810313,66.7461515134,2.27827952417,28.6666739059,66.6410443349,66.6410443349,66.6410443349,66.6410443349,66.6410443349,164.183114013
29.0406885369,62.4921693088,45.0288725534,53.4325550335,29.6868659356,94.8281389513,7.97154559407,7.97154559407,7.97154559407,7.97154559407,7.97154559407,26217.5473392
4.66341640351,31.7786599431,11.6016280506,74.967196565,8.040995886,55.2946926721,76.309525942,76.309525942,76.309525942,76.309525942,76.309525942,546.11229847
29.6564704717,52.4778481097,12.794098715,89.3966288455,72.5286702852,15.2121630172,14.0792467894,14.0792467894,14.0792467894,14.0792467894,14.0792467894,381616.680938
97.5637001817,12.8952240249,56.4657630639,14.4493781128,43.3193224765,70.0968518199,45.1035728186,45.1035728186,45.1035728186,45.1035728186,45.1035728186,81449.6250472
28.7866115734,4.01575381194,87.2673660844,39.2812312549,22.8443818983,86.6988429431,17.8563578328,17.8563578328,17.8563578328,17.8563578328,17.8563578328,12036.4412898
23.8541258107,8.02000514161,41.9801843442,29.3636780275,29.941171751,84.6960345166,68.0757259446,68.0757259446,68.0757259446,68.0757259446,68.0757259446,26913.4933807
69.2084553682,70.4854382636,20.3913587223,82.9967775973,48.2159948607,56.8522622384,42.9333761409,42.9333761409,42.9333761409,42.9333761409,42.9333761409,112252.059632
12.2115971459,87.3318353562,35.8261135385,84.417325606,77.2533733451,47.5117076531,12.7832141844,12.7832141844,12.7832141844,12.7832141844,12.7832141844,461050.752347
99.9459096007,56.8435793853,27.3031735626,16.1128954562,85.4997901139,71.6315483187,21.9433766947,21.9433766947,21.9433766947,21.9433766947,21.9433766947,625165.60088
12.9035168253,58.8218068209,65.6823020557,63.4753187888,0.106865239539,98.1397751908,46.0485290498,46.0485290498,46.0485290498,46.0485290498,46.0485290498,124.345826089
81.0596363609,95.9909416383,96.8156363282,91.4145292855,98.9455291374,22.8720505985,37.6530296487,37.6530296487,37.6530296487,37.6530296487,37.6530296487,968970.257609
62.6749788398,34.4108659414,36.8927579672,17.2652853214,3.90509863676,17.7959912203,35.4693073307,35.4693073307,35.4693073307,35.4693073307,35.4693073307,163.926891778
71.0310922952,69.9026802781,35.1691758528,44.5007539282,63.4383095367,22.6989154415,62.0291744753,62.0291744753,62.0291744753,62.0291744753,62.0291744753,255459.37714
56.1563402492,75.6808420392,57.4539831526,13.190534594,24.8331445635,79.1716460495,12.3298810237,12.3298810237,12.3298810237,12.3298810237,12.3298810237,15448.7924663
20.5407151024,71.7302769454,66.4349155138,16.5208499011,95.8210455722,44.004862621,8.77798277497,8.77798277497,8.77798277497,8.77798277497,8.77798277497,879919.900423
46.2430276629,63.9755611678,39.1025739331,42.1111864783,84.5430483568,26.8098193024,86.3665793138,86.3665793138,86.3665793138,86.3665793138,86.3665793138,604415.439068
89.1737455901,57.3486971113,99.0942079195,53.3861062793,3.13694546196,7.83079154082,45.4149270661,45.4149270661,45.4149270661,45.4149270661,45.4149270661,259.298677703
2.98527987273,0.470233952382,0.759827241557,56.5589134636,66.0827075275,33.3943713178,51.2890587152,51.2890587152,51.2890587152,51.2890587152,51.2890587152,288582.6195
67.055795567,32.7433214283,19.8677849019,9.38311100704,55.8458896259,36.1396733141,29.9822564128,29.9822564128,29.9822564128,29.9822564128,29.9822564128,174288.504578
58.7832857917,92.9943414514,4.86291728503,97.6817029363,23.4908708636,53.3464032342,96.9832324531,96.9832324531,96.9832324531,96.9832324531,96.9832324531,12937.1930127
78.4738767239,34.9720012466,98.0938263387,53.9203553972,58.1713334768,49.0007168072,10.103619933,10.103619933,10.103619933,10.103619933,10.103619933,197007.203168
65.5270869315,62.2099386183,51.4731169521,85.5248657332,31.1334853256,45.7535598408,74.2415766733,74.2415766733,74.2415766733,74.2415766733,74.2415766733,30256.6332071
65.1910405771,74.1558324425,15.8325539981,91.8760968502,29.9558498003,0.937437492029,41.9224385328,41.9224385328,41.9224385328,41.9224385328,41.9224385328,26890.5158465
10.8832412995,93.6271853206,14.9915371885,42.9380452053,78.5058111491,16.4941985213,23.4058688892,23.4058688892,23.4058688892,23.4058688892,23.4058688892,483814.213807
30.7339157714,55.0235560201,55.3583430363,26.6554828072,72.2352415088,58.8840405647,94.4023467705,94.4023467705,94.4023467705,94.4023467705,94.4023467705,376949.824233
77.1856539026,97.5059631051,92.4690140619,21.4966670983,27.4941097487,75.9188312868,38.1014083376,38.1014083376,38.1014083376,38.1014083376,38.1014083376,20941.3011216
84.9699445881,83.7815738382,90.5043233066,79.5097397034,61.2160048232,2.35427570168,29.5121164497,29.5121164497,29.5121164497,29.5121164497,29.5121164497,229648.014413
53.4613603407,42.6722632041,19.1515907106,46.8051413433,19.0841937006,11.1244123338,95.8551380787,95.8551380787,95.8551380787,95.8551380787,95.8551380787,6983.25578087
63.3758051618,22.8105361268,62.8272015251,95.5507074506,96.2381588233,88.904063506,56.761108066,56.761108066,56.761108066,56.761108066,56.761108066,891446.789423
94.6766042341,49.2602958804,6.63293452456,56.2114303335,83.9185788095,25.428934299,31.0408379658,31.0408379658,31.0408379658,31.0408379658,31.0408379658,591041.924716
67.3872436527,21.0648530687,18.5599296538,19.6316152312,56.919287824,91.9647023056,51.8001432239,51.8001432239,51.8001432239,51.8001432239,51.8001432239,184511.031861
68.1247771034,98.1705419626,23.9014541849,49.1514190456,47.6353598225,46.3901773449,29.1086684912,29.1086684912,29.1086684912,29.1086684912,29.1086684912,108113.682113
62.5117621748,33.6829268469,33.838134155,54.0986524419,6.43628706182,99.2967371117,39.0941599107,39.0941599107,39.0941599107,39.0941599107,39.0941599107,387.224312913
68.8063075618,52.3034102993,53.1336082822,50.38712248,21.3406706799,14.6882016693,18.8785125503,18.8785125503,18.8785125503,18.8785125503,18.8785125503,9888.23880327
79.8305480097,19.0499664495,73.5597342843,19.5432095817,75.795943832,92.3648508849,89.346998854,89.346998854,89.346998854,89.346998854,89.346998854,435607.560411
23.8064620194,87.6962161685,13.4331833578,61.4221563708,4.55754562278,57.7323497015,67.7279350111,67.7279350111,67.7279350111,67.7279350111,67.7279350111,107.879437567
76.0064344944,92.1898961064,84.0059873141,29.436229965,93.5362986589,95.4657368716,73.2961057663,73.2961057663,73.2961057663,73.2961057663,73.2961057663,818430.663572
86.1252450145,68.0443687788,73.3017961831,65.409560773,18.6140147482,68.9769678816,99.199577902,99.199577902,99.199577902,99.199577902,99.199577902,6550.17613495
29.2034574824,85.7739706931,20.787308504,31.4586656702,81.4292931849,43.5407530785,23.1564791853,23.1564791853,23.1564791853,23.1564791853,23.1564791853,539916.809271
53.8170653389,98.8188513781,82.9208861545,25.9008264149,34.2715144237,6.5991905561,65.8299122535,65.8299122535,65.8299122535,65.8299122535,65.8299122535,40293.4918033
94.4026529161,22.5438952256,52.1292874936,55.62037755,70.9864805791,6.49673345418,69.7420858362,69.7420858362,69.7420858362,69.7420858362,69.7420858362,357840.693769
97.4906146867,79.8007032367,88.4376677935,73.9604557139,7.16605260661,81.5669645375,7.0768352819,7.0768352819,7.0768352819,7.0768352819,7.0768352819,476.922945128
52.4169686644,5.75390527178,67.9473265702,66.438624196,49.2251553561,25.2461159568,37.0539492468,37.0539492468,37.0539492468,37.0539492468,37.0539492468,119394.794
32.5575301934,95.277128103,63.4771236817,49.4325559991,8.84868933327,74.23069598,33.562544418,33.562544418,33.562544418,33.562544418,33.562544418,868.877250201
58.8834509765,8.27910844046,98.4531509787,95.718097049,62.0645077497,8.91517020143,45.4550498436,45.4550498436,45.4550498436,45.4550498436,45.4550498436,239237.843315
60.9268287793,53.2082334484,95.6040860544,7.24885259615,19.8228982583,35.3632141023,52.2346045039,52.2346045039,52.2346045039,52.2346045039,52.2346045039,7956.34998855
14.2977362664,54.3638286637,60.5437432066,16.7357616534,19.2536860713,86.5697177775,22.0644089951,22.0644089951,22.0644089951,22.0644089951,22.0644089951,7167.78826735
48.8640561728,50.6941473603,83.9649994265,83.6419643273,39.3928873051,49.1011962184,46.6698188794,46.6698188794,46.6698188794,46.6698188794,46.6698188794,61283.7087354
59.6569295396,25.5500123215,29.7014688775,41.0255640935,37.5640916179,40.897197493,42.7366958889,42.7366958889,42.7366958889,42.7366958889,42.7366958889,53104.1072059
0.942570950485,18.0665299609,53.5389870786,98.3178855999,80.978087693,79.1358917797,60.3924143228,60.3924143228,60.3924143228,60.3924143228,60.3924143228,531051.678253
40.1016082198,24.9786128897,33.1669000975,9.70542932778,68.4940161057,54.0086259854,71.7826340281,71.7826340281,71.7826340281,71.7826340281,71.7826340281,321404.915512
29.7103183174,55.8564988102,17.1916601437,64.2092552744,16.4653813658,50.9941216998,90.3381343698,90.3381343698,90.3381343698,90.3381343698,90.3381343698,4475.93716608
75.041303157,28.718427853,34.0409656507,61.6078764877,73.4868785391,1.88348263721,58.543858968,58.543858968,58.543858968,58.543858968,58.543858968,396949.510754
19.7775478299,62.027522024,69.6169388671,73.8199871777,76.7640430616,72.4417692129,43.8537669917,43.8537669917,43.8537669917,43.8537669917,43.8537669917,452392.199627
0.788046391657,44.7071037992,73.7705264914,83.9354748839,60.1175250379,5.79278748666,23.8076738594,23.8076738594,23.8076738594,23.8076738594,23.8076738594,217377.590908
23.9044125362,17.5458748337,99.0804306477,36.2370811546,62.2584797389,19.2863122146,14.4954856711,14.4954856711,14.4954856711,14.4954856711,14.4954856711,241425.515597
61.211902468,89.820543747,61.5105529661,51.362161314,75.2661335889,52.5747915787,15.2167616631,15.2167616631,15.2167616631,15.2167616631,15.2167616631,426592.270794
75.9852814128,89.7508998789,26.9323975886,98.109997939,17.099328265,8.23480102338,18.2220086426,18.2220086426,18.2220086426,18.2220086426,18.2220086426,5189.80800172
51.8702575806,14.2956538941,85.2906666289,69.4704375559,64.5547222436,69.2199439089,21.7096743453,21.7096743453,21.7096743453,21.7096743453,21.7096743453,269172.194679
94.9399794953,64.8419400917,98.1483401637,43.9427966457,13.0852687538,24.5251614525,92.2969026312,92.2969026312,92.2969026312,92.2969026312,92.2969026312,2493.17169191
90.2570191533,12.1691733771,53.1446411364,61.1809485278,13.010884194,49.1993554387,68.8874410059,68.8874410059,68.8874410059,68.8874410059,68.8874410059,2341.05483482
25.4948959999,77.6543147578,9.80739994863,43.7213192175,60.1515821437,52.4577092081,41.5470897507,41.5470897507,41.5470897507,41.5470897507,41.5470897507,217736.646847
58.4614700605,84.9458179213,2.92105140961,99.4110264802,92.5590964036,4.6964340275,12.3635670487,12.3635670487,12.3635670487,12.3635670487,12.3635670487,793021.836853
72.1626377883,24.9274351032,38.4336544594,12.127542758,76.0733140522,37.7221829769,22.277894538,22.277894538,22.277894538,22.277894538,22.277894538,440352.893411
94.70954691,80.5265175117,34.8776643461,6.12109844045,32.5636961573,11.5791829278,26.687558837,26.687558837,26.687558837,26.687558837,26.687558837,34586.2556695
74.2906925032,63.9257144228,74.7636343219,51.7611178482,93.9724202885,31.6544149706,34.9280003751,34.9280003751,34.9280003751,34.9280003751,34.9280003751,830060.607919
41.8506095893,84.1771675459,79.2573653685,19.4654966818,44.3140861776,40.4307421484,61.6861758811,61.6861758811,61.6861758811,61.6861758811,61.6861758811,87193.9761172
82.1564806737,29.8257862135,76.3030964356,64.3910733478,75.7530717395,65.8828637699,57.961690482,57.961690482,57.961690482,57.961690482,57.961690482,434841.208592
50.4728336832,33.0662456162,18.7186895128,49.017246629,48.2137101162,29.5450865952,5.52150828935,5.52150828935,5.52150828935,5.52150828935,5.52150828935,112175.955702
41.1941280361,13.7514866013,36.1319833405,13.1872770137,98.5388437076,54.6749701798,96.6166754422,96.6166754422,96.6166754422,96.6166754422,96.6166754422,956893.678085
73.1655716693,96.4057045735,33.9346675193,83.5755332763,6.46961471048,56.336448349,48.372208379,48.372208379,48.372208379,48.372208379,48.372208379,459.243058737
48.1380494963,35.6535398053,94.3604208035,14.999070017,91.2417031506,11.8534687501,67.4790185824,67.4790185824,67.4790185824,67.4790185824,67.4790185824,759702.364661
49.6557441637,47.4277899898,30.3664707159,38.1919408444,68.1648667971,31.7370047991,56.6632901158,56.6632901158,56.6632901158,56.6632901158,56.6632901158,316790.468768
34.0038090586,45.5114465607,19.127816711,26.535509215,46.3931914478,26.2464866637,89.8724779405,89.8724779405,89.8724779405,89.8724779405,89.8724779405,99953.1054668
23.5490583195,98.1345639015,10.1434320132,22.3762061933,73.3306857433,71.1058426546,15.9484478417,15.9484478417,15.9484478417,15.9484478417,15.9484478417,394295.227566
18.847823806,50.165088515,52.1379334107,51.426447712,10.7227472938,47.6681860136,30.1471088395,30.1471088395,30.1471088395,30.1471088395,30.1471088395,1300.35303401
25.4816529433,79.0020241237,80.0738295196,14.451482561,12.3613882445,91.911727321,60.112457816,60.112457816,60.112457816,60.112457816,60.112457816,1959.60686306
5.81598242009,79.4543067014,17.1347414212,22.299676548,15.1785134321,90.3172126851,92.4304940099,92.4304940099,92.4304940099,92.4304940099,92.4304940099,3457.10585277
29.8190905429,21.1576633072,13.6974766794,68.3651262842,2.45182406498,6.12902379557,68.5313516218,68.5313516218,68.5313516218,68.5313516218,68.5313516218,72.755836971
47.2639371881,4.27514841855,70.6393137038,25.7699952704,86.0569535496,53.1710940865,21.1811481765,21.1811481765,21.1811481765,21.1811481765,21.1811481765,637435.806701
90.5407802212,83.2457969006,20.2278893985,78.542607965,75.2527869763,68.9235085418,69.0418438582,69.0418438582,69.0418438582,69.0418438582,69.0418438582,426348.287806
18.0474191486,53.1113172058,65.5274152001,58.4520737504,54.4539602436,46.4607240016,93.8282192591,93.8282192591,93.8282192591,93.8282192591,93.8282192591,161569.704301
29.6773718866,23.887742058,26.4320552528,94.7966969623,42.198054622,94.9415844066,10.9881617842,10.9881617842,10.9881617842,10.9881617842,10.9881617842,75175.3255798
41.4273681756,32.3356869825,85.0151107978,48.8384744359,26.5881817971,69.3007818133,83.1732974772,83.1732974772,83.1732974772,83.1732974772,83.1732974772,18947.8839075
88.8082434838,15.0143260259,84.4125800367,77.5328554299,50.9898804335,1.38794018592,86.9785934136,86.9785934136,86.9785934136,86.9785934136,86.9785934136,132756.820028
92.4379420582,58.3189995626,48.3547269617,26.8605018805,7.59477073297,64.7927235174,87.0629098776,87.0629098776,87.0629098776,87.0629098776,87.0629098776,636.161147529
80.1920655207,4.04680149917,10.6260603946,70.8566946443,60.6431319428,79.4788793687,26.0968332999,26.0968332999,26.0968332999,26.0968332999,26.0968332999,223109.216172
30.9749612683,32.0200202212,43.3420223387,60.3945434733,37.0442319695,86.6498393673,49.0581698876,49.0581698876,49.0581698876,49.0581698876,49.0581698876,50925.7391138
3.87004901086,54.5230718581,60.7939277489,81.625585942,83.6773090635,54.3375970233,35.2945571695,35.2945571695,35.2945571695,35.2945571695,35.2945571695,585915.916437
98.2737661668,41.181388033,25.7906107234,9.61715445985,65.8956048937,85.382716991,91.4598549823,91.4598549823,91.4598549823,91.4598549823,91.4598549823,286244.926006
79.3523530409,56.1553797442,21.8184666292,14.3057207372,84.9793023762,7.72568455846,5.5800747681,5.5800747681,5.5800747681,5.5800747681,5.5800747681,613756.829159
55.2225380407,91.9483658151,18.734942301,82.7002656415,61.6493268966,37.9434428344,87.3810605097,87.3810605097,87.3810605097,87.3810605097,87.3810605097,234312.387426
94.4407391377,68.0063760051,95.5483195488,36.7417196974,43.687511882,44.8956993431,15.6517073223,15.6517073223,15.6517073223,15.6517073223,15.6517073223,83510.8807341
95.3790426384,96.7788703651,20.333046697,46.5591896184,62.4184378051,45.5670589602,94.6598648191,94.6598648191,94.6598648191,94.6598648191,94.6598648191,243356.934601
35.170065866,17.0702137162,86.0796405842,23.6259840956,22.8336181305,36.2510806072,54.8679411015,54.8679411015,54.8679411015,54.8679411015,54.8679411015,12007.6500196
14.3366080458,47.9301651665,15.8686850233,56.1926849969,42.630528307,33.4169269723,21.6267958002,21.6267958002,21.6267958002,21.6267958002,21.6267958002,77470.0525738
87.6436040206,75.37503521,92.7261377074,38.710046806,67.7283509209,79.2415968117,51.7649708416,51.7649708416,51.7649708416,51.7649708416,51.7649708416,310857.255301
79.343997599,82.5994961412,10.4059709551,91.2587395193,47.7428420992,37.1848402482,83.8471199577,83.8471199577,83.8471199577,83.8471199577,83.8471199577,108980.248692
93.1596187821,15.1990515109,87.1087905296,31.4607852811,41.8558934076,58.549766947,10.4535260757,10.4535260757,10.4535260757,10.4535260757,10.4535260757,73514.9925974
67.9864422053,95.8969107482,29.3132402825,54.5858265313,94.0238161925,50.0113341724,12.8629885061,12.8629885061,12.8629885061,12.8629885061,12.8629885061,831407.420782
62.466423748,74.0383446557,46.5130943325,57.3956756212,37.3413637251,8.6525628667,11.6832415166,11.6832415166,11.6832415166,11.6832415166,11.6832415166,52105.8982452
43.6339221272,21.1959019086,86.8350203291,4.30932665671,39.3247278245,40.830277677,92.6709069754,92.6709069754,92.6709069754,92.6709069754,92.6709069754,60956.8832002
22.6279799311,33.8538262664,10.1332176278,98.3785642723,97.3770892371,66.3734338709,81.1910894451,81.1910894451,81.1910894451,81.1910894451,81.1910894451,923412.762373
95.6390192918,53.7585895552,32.7424820697,23.4902365035,38.7328500695,8.17708757048,59.4875293837,59.4875293837,59.4875293837,59.4875293837,59.4875293837,58216.8309331
40.1137623419,22.0716266362,16.4243872593,33.8762231824,85.1770995036,84.0561945656,62.7596168831,62.7596168831,62.7596168831,62.7596168831,62.7596168831,618027.641179
88.8853205083,16.5218325976,82.7259420811,74.6841720547,9.60008290408,27.5198920551,87.8662983582,87.8662983582,87.8662983582,87.8662983582,87.8662983582,1042.76938018
46.3892282313,37.2076297428,50.5109788431,54.4489612163,67.3554360487,95.6098934435,32.3332439781,32.3332439781,32.3332439781,32.3332439781,32.3332439781,305654.097072
24.2735874746,76.522930973,30.0689927786,23.0858835958,86.52251701,38.8019327662,64.8294436351,64.8294436351,64.8294436351,64.8294436351,64.8294436351,647842.35795
88.0453280761,79.7322750045,79.4596411553,51.8724998616,87.4048786877,53.364471805,2.17873030097,2.17873030097,2.17873030097,2.17873030097,2.17873030097,667832.945322
85.0162336446,17.9347628703,26.0654426308,99.2900458384,65.5241878698,43.0736304705,53.1387249273,53.1387249273,53.1387249273,53.1387249273,53.1387249273,281418.582064
61.2684772094,73.5583200686,88.1410602534,30.4570569438,24.7010562356,7.08360356055,86.3007707706,86.3007707706,86.3007707706,86.3007707706,86.3007707706,15149.5588253
52.4219823048,50.0850431702,45.4785677486,71.3641539596,94.4020245104,54.9979105522,3.74096181919,3.74096181919,3.74096181919,3.74096181919,3.74096181919,841375.318731
74.7651742577,22.8743902677,4.18791593152,78.3323440912,29.505091221,29.9540969088,56.6424215365,56.6424215365,56.6424215365,56.6424215365,56.6424215365,25747.1300359
27.2700447544,4.40874947668,83.8766449614,0.648469917549,6.84797709562,26.9064725454,79.739784083,79.739784083,79.739784083,79.739784083,79.739784083,428.760628282
63.1190278109,6.83971343963,60.5378390407,0.0455537184306,28.5174062799,67.1157063507,11.9630624044,11.9630624044,11.9630624044,11.9630624044,11.9630624044,23319.8267398
29.448826924,96.3942466977,81.1112991432,99.184833149,55.0172124846,15.6381394936,62.9110755595,62.9110755595,62.9110755595,62.9110755595,62.9110755595,166721.060055
35.3035803208,30.5800729605,44.2081332652,64.1132628704,94.2355882497,69.7020675978,70.3339303522,70.3339303522,70.3339303522,70.3339303522,70.3339303522,836901.56068
90.7746254388,27.3213241186,73.6665534638,89.6723190718,32.5141685016,6.95499258705,14.0127219908,14.0127219908,14.0127219908,14.0127219908,14.0127219908,34561.6130106
94.5959468172,12.2835592149,55.7957246792,79.6513151189,89.0285951676,65.4813622869,6.36900244103,6.36900244103,6.36900244103,6.36900244103,6.36900244103,705795.5396
5.58523554768,28.238169426,54.3032022117,42.6204129113,55.6806631293,78.6246952549,24.7858230069,24.7858230069,24.7858230069,24.7858230069,24.7858230069,172689.159835
56.8735517444,47.0430934383,95.745862151,43.7518177302,2.27145088994,99.1667377646,26.8736539989,26.8736539989,26.8736539989,26.8736539989,26.8736539989,167.700778117
64.1764916443,44.0522669701,47.9126464297,9.4620814935,37.256922386,63.6117012872,79.8715422701,79.8715422701,79.8715422701,79.8715422701,79.8715422701,51831.6046242
34.9659133694,84.6634887989,0.869393141549,75.4810102252,1.77252822863,16.1398869579,32.81130165,32.81130165,32.81130165,32.81130165,32.81130165,54.6566286468
45.8854806201,40.7332194898,57.3182294973,28.1192078098,21.4768819047,48.6899887729,4.97581220881,4.97581220881,4.97581220881,4.97581220881,4.97581220881,10013.7944092
43.477415968,39.3416691177,80.4921342817,44.5910766766,18.6987606568,3.96685179542,74.1980197916,74.1980197916,74.1980197916,74.1980197916,74.1980197916,6701.2997596
9.08503158139,18.5607066991,9.57471212883,2.39966952994,48.8779035149,73.7546662379,68.5915032256,68.5915032256,68.5915032256,68.5915032256,68.5915032256,116785.201036
58.9688836268,86.284373506,33.7859681391,36.8604781252,94.8684397902,76.6545410208,44.646140634,44.646140634,44.646140634,44.646140634,44.646140634,853825.152663
90.1381651675,74.9138644912,68.0064469325,55.8165651845,91.6752337253,44.3684367549,4.51659577192,4.51659577192,4.51659577192,4.51659577192,4.51659577192,770593.522684
69.805629126,55.6740860725,3.65809074704,9.17609337142,52.1913245826,74.3346568199,36.4261884445,36.4261884445,36.4261884445,36.4261884445,36.4261884445,142197.730633
97.2648908725,83.0536053275,47.5447345655,93.9123666896,26.3327722985,81.4223994795,91.3962531504,91.3962531504,91.3962531504,91.3962531504,91.3962531504,18486.2170878
38.5107755032,55.7988479022,87.8590474878,10.8605766864,37.2940451561,25.3434459607,17.0716132666,17.0716132666,17.0716132666,17.0716132666,17.0716132666,51956.8991912
22.2238207949,52.9943368856,59.1151573344,86.9054554606,98.1314537968,77.1295106199,13.008982212,13.008982212,13.008982212,13.008982212,13.008982212,945085.778692
85.1265579803,64.7228507421,80.2045047821,73.3756605837,80.2881211442,91.5307919475,16.503577747,16.503577747,16.503577747,16.503577747,16.503577747,517776.983295
39.0250628836,58.8513743565,22.6589057926,31.1643349889,7.10236080725,88.516393222,69.6595590072,69.6595590072,69.6595590072,69.6595590072,69.6595590072,464.473756484
53.3167935187,9.81737916049,45.4362576648,7.66311277492,89.6778833881,57.8704833194,17.7901612923,17.7901612923,17.7901612923,17.7901612923,17.7901612923,721296.589105
92.9451940913,62.5409780541,6.34680184709,18.7293680584,11.8756590847,93.1376672938,38.7975039181,38.7975039181,38.7975039181,38.7975039181,38.7975039181,1755.08706207
26.9520617547,29.5841539137,86.5981129849,32.7966597191,98.9015536228,11.9587882156,51.4871414122,51.4871414122,51.4871414122,51.4871414122,51.4871414122,967492.232375
23.4458769335,85.1545246485,73.1648701532,58.1903190056,85.3805815749,81.7311745992,65.1409707376,65.1409707376,65.1409707376,65.1409707376,65.1409707376,622481.89499
90.3878958775,19.0646633989,40.9595478868,84.9302886124,89.4514830201,9.70549024554,8.21930197737,8.21930197737,8.21930197737,8.21930197737,8.21930197737,715886.522335
72.5833090378,94.4631288997,50.9538089597,14.2346960419,45.834677673,69.5444631169,74.2548513692,74.2548513692,74.2548513692,74.2548513692,74.2548513692,96434.2881641
6.03973284318,71.1864938286,91.005707049,13.1783531887,57.1169498723,74.6719730301,12.3130070065,12.3130070065,12.3130070065,12.3130070065,12.3130070065,186495.603216
68.5122593199,78.8544761506,99.822948899,3.96476392336,90.7964281486,42.0527387939,33.910785917,33.910785917,33.910785917,33.910785917,33.910785917,748667.665181
43.9458207191,50.9068878462,62.2441804593,64.3434315794,0.959580432547,77.0912148292,26.679259246,26.679259246,26.679259246,26.679259246,26.679259246,138.242173207
92.821798579,71.9408753833,49.2693397777,13.5140547182,24.6175867581,43.800737655,18.5085068635,18.5085068635,18.5085068635,18.5085068635,18.5085068635,15084.9566766
30.7205696487,5.59407410503,9.01007287305,18.170901103,89.6808563946,33.7803944141,68.499459745,68.499459745,68.499459745,68.499459745,68.499459745,721308.308952
94.3739934898,15.5403641241,87.5259003972,85.8847737181,29.8455794606,76.5510488944,67.0665613302,67.0665613302,67.0665613302,67.0665613302,67.0665613302,26769.7900872
63.0888905353,58.5701427867,53.7737357448,59.2380239734,50.2767383507,73.6777203747,78.9301670179,78.9301670179,78.9301670179,78.9301670179,78.9301670179,127257.997571
73.1588616192,23.4606184535,61.8624580781,67.5619959329,76.2524865532,67.7035115669,35.6405711856,35.6405711856,35.6405711856,35.6405711856,35.6405711856,443475.729669
88.7098395252,89.5150958067,11.7308221568,41.6909945944,88.1965514488,63.123967085,52.7957580558,52.7957580558,52.7957580558,52.7957580558,52.7957580558,686236.854207
81.2524264931,0.254160793893,10.3715784285,14.2487816447,6.51424407073,46.6243257237,93.7787265894,93.7787265894,93.7787265894,93.7787265894,93.7787265894,368.944941905
17.5491112838,42.9984689467,65.1592609745,58.6871745224,62.0893977375,0.392705693514,20.7021566641,20.7021566641,20.7021566641,20.7021566641,20.7021566641,239409.529795
46.8417768749,53.9357990198,61.5627635168,20.8706132308,20.9510929008,25.7629130389,95.3874739949,95.3874739949,95.3874739949,95.3874739949,95.3874739949,9278.53117121
26.9179700185,88.5482536379,59.5812007635,13.2112873644,94.8520907835,6.04670206063,51.0197602061,51.0197602061,51.0197602061,51.0197602061,51.0197602061,853511.679729
14.7493588052,36.9508974483,65.3549372349,14.8982009008,33.1545997166,10.2660982495,26.6289861726,26.6289861726,26.6289861726,26.6289861726,26.6289861726,36499.2907335
68.1077597536,14.0262056341,70.2805777583,4.60855318869,51.6020652325,79.2082690502,52.9540299959,52.9540299959,52.9540299959,52.9540299959,52.9540299959,137556.926175
63.8008379687,50.4464158051,60.1818378349,20.1842450008,42.3779300566,0.413991224052,59.0691325711,59.0691325711,59.0691325711,59.0691325711,59.0691325711,76240.736177
35.9021391827,57.417490567,33.3625296914,0.977008391375,9.44712742153,35.7259109217,16.960268888,16.960268888,16.960268888,16.960268888,16.960268888,956.488426748
14.8599124866,4.20286574878,16.1714519023,7.15649286818,4.07941880598,68.1299307252,3.90252872662,3.90252872662,3.90252872662,3.90252872662,3.90252872662,96.7390918573
23.2767342461,17.3595133024,82.3321859289,1.66459526117,66.0523350654,83.3845874468,40.6041265409,40.6041265409,40.6041265409,40.6041265409,40.6041265409,288268.922911
32.9119403435,16.2016000472,2.52985053853,97.7965684804,8.34055247639,12.7532365376,29.4482147228,29.4482147228,29.4482147228,29.4482147228,29.4482147228,608.575446105
64.9379413502,49.0282434338,18.1435500682,50.0097453384,85.3494201418,77.7884143259,18.5856831376,18.5856831376,18.5856831376,18.5856831376,18.5856831376,621767.163933
43.3935676742,23.3322860367,53.1651050187,22.0805474968,5.50096642205,29.7790500132,93.7884148698,93.7884148698,93.7884148698,93.7884148698,93.7884148698,241.115001777
64.0788373084,66.4545782208,1.116112604,24.9590974347,4.49965322589,70.187744055,2.03014719416,2.03014719416,2.03014719416,2.03014719416,2.03014719416,124.940019
28.2944187215,71.2653109619,72.2050334261,48.1709355731,73.0094881632,50.3632397055,40.1050080271,40.1050080271,40.1050080271,40.1050080271,40.1050080271,389327.200119
11.8706853929,11.398620211,45.0715793707,68.4719024598,39.5796143235,47.1836261316,35.5890714325,35.5890714325,35.5890714325,35.5890714325,35.5890714325,62048.6979556
82.1608939683,2.79695223333,23.2088699871,93.2657285868,20.4600258154,79.4758832267,17.7606519651,17.7606519651,17.7606519651,17.7606519651,17.7606519651,8669.42965892
72.5457405244,23.5507220857,86.510524804,58.8721560692,16.7391140039,54.2369526697,31.3042741258,31.3042741258,31.3042741258,31.3042741258,31.3042741258,4827.00679933
28.0601113997,9.47493209731,74.8897886387,9.73031531907,61.4753354026,69.3782200924,54.7688280466,54.7688280466,54.7688280466,54.7688280466,54.7688280466,232431.475054
90.1020797687,78.1079043904,85.8571789522,97.0292340357,82.6766200794,19.7773094242,16.700587431,16.700587431,16.700587431,16.700587431,16.700587431,565337.939985
6.72241856712,36.4993025267,13.7554767447,20.8833342684,25.3492145553,70.8502311139,77.6026686459,77.6026686459,77.6026686459,77.6026686459,77.6026686459,16276.5943817
10.4718614572,71.7064276868,49.3305497799,93.2878443248,41.9244231571,9.72830089993,27.1556832573,27.1556832573,27.1556832573,27.1556832573,27.1556832573,73784.454499
32.4047557029,48.9465493745,79.7712092408,63.1130643517,9.75156699205,55.7470332617,7.49672475842,7.49672475842,7.49672475842,7.49672475842,7.49672475842,993.232861404
84.7953543669,98.9510083861,10.3653506568,21.0369794498,5.33981711094,12.2768712636,25.4353601685,25.4353601685,25.4353601685,25.4353601685,25.4353601685,148.821106643
38.2390296156,41.8380741273,14.230635341,43.8814728959,62.5213075857,17.9889559948,72.6588283304,72.6588283304,72.6588283304,72.6588283304,72.6588283304,244406.804687
23.5580277175,69.1184593865,16.3173578339,92.7230696502,58.0494045477,85.1267076509,65.6408089947,65.6408089947,65.6408089947,65.6408089947,65.6408089947,195649.886656
50.8194888943,84.3061972862,1.49739999539,89.5421193795,27.1474632148,73.06757829,18.8748001304,18.8748001304,18.8748001304,18.8748001304,18.8748001304,20102.1092426
79.6980411975,7.09527238885,70.3410330845,76.2499468534,57.5241578241,92.5911411672,75.7446859323,75.7446859323,75.7446859323,75.7446859323,75.7446859323,190504.041118
10.8509633581,17.3417901614,33.9874079389,59.1128706601,54.1302828948,72.51329665,16.5661758675,16.5661758675,16.5661758675,16.5661758675,16.5661758675,158633.952038
59.5036412232,12.3007936598,92.1958730078,28.6979279712,80.999921802,66.3100837838,2.66394031758,2.66394031758,2.66394031758,2.66394031758,2.66394031758,531587.112208
27.5859243404,25.1170197953,58.3273442605,32.1926644261,68.7226735726,24.1673888866,48.3782952861,48.3782952861,48.3782952861,48.3782952861,48.3782952861,324649.386214
42.1486213862,31.4243489919,17.2475252203,78.1955316435,95.6751846276,88.966260304,62.8046231704,62.8046231704,62.8046231704,62.8046231704,62.8046231704,875845.730024
51.2616437792,78.6560861723,26.1818595151,84.5010586403,97.2735082182,9.94029999559,87.4135126621,87.4135126621,87.4135126621,87.4135126621,87.4135126621,920484.020613
69.5779958977,29.0396636645,59.6003188925,70.1276554821,76.1832165953,4.69905381771,61.2639655825,61.2639655825,61.2639655825,61.2639655825,61.2639655825,442267.399502
36.5232251185,61.1010234899,28.1254508931,21.6252486548,94.6710089165,44.888850506,59.6369729674,59.6369729674,59.6369729674,59.6369729674,59.6369729674,848503.086674
3.17412967426,77.2704893367,17.2632204963,14.4275314205,31.963908517,42.5821075289,83.4463278076,83.4463278076,83.4463278076,83.4463278076,83.4463278076,32753.0498352
83.9108486865,66.7375428482,98.4964616442,8.86599508094,6.8241050442,69.2912090098,27.4701049244,27.4701049244,27.4701049244,27.4701049244,27.4701049244,454.373531897
35.8643685448,41.4203227642,46.4537292898,63.1142552776,48.1026735993,3.41638978109,22.7882201392,22.7882201392,22.7882201392,22.7882201392,22.7882201392,111362.3826
17.3798943899,54.1962223664,31.9290548851,50.1831947648,12.0845900675,62.523697083,64.6455552996,64.6455552996,64.6455552996,64.6455552996,64.6455552996,1775.97380799
31.7735902561,93.8759360659,86.0561418659,26.31542477,55.8028775359,42.9156431782,99.1847437338,99.1847437338,99.1847437338,99.1847437338,99.1847437338,173852.953476
97.0299020319,95.8417881691,25.6731080886,78.0292993962,34.9620593606,68.7084861768,33.3498520364,33.3498520364,33.3498520364,33.3498520364,33.3498520364,42955.3887993
73.3424474924,73.6161495403,7.46970246486,10.4262713764,54.8078644893,79.6074859046,66.9214165541,66.9214165541,66.9214165541,66.9214165541,66.9214165541,164644.446113
58.2295510639,5.66496840047,14.6949873905,9.67550221108,82.8007438948,33.5451928424,95.999675648,95.999675648,95.999675648,95.999675648,95.999675648,567747.877786
49.5363400024,9.49806435741,36.8985655849,6.84003576265,47.8295522216,8.11375314241,19.0546065287,19.0546065287,19.0546065287,19.0546065287,19.0546065287,109505.237845
19.2821617491,67.4535687168,68.9675062718,35.8244451357,59.1896801952,8.46199343412,26.3504464465,26.3504464465,26.3504464465,26.3504464465,26.3504464465,207385.326278
52.138948161,91.4779329719,2.72508387111,11.2389695695,51.2714707584,77.3839332965,15.8140778505,15.8140778505,15.8140778505,15.8140778505,15.8140778505,134800.296946
21.7930229031,4.0844112491,77.1022336285,26.0530909904,66.2009733356,22.1310105784,66.6639833468,66.6639833468,66.6639833468,66.6639833468,66.6639833468,290225.80039
73.7087421757,92.0692944747,87.4486490716,59.4135397342,65.9699572265,3.13764088939,43.4092706534,43.4092706534,43.4092706534,43.4092706534,43.4092706534,287188.895566
48.5274774978,35.8108954788,78.7998915607,58.1793517632,94.0076399168,65.7775276062,36.4962965983,36.4962965983,36.4962965983,36.4962965983,36.4962965983,830881.431218
85.9838236607,62.0210995618,77.4104998532,98.0966611987,14.0316348501,76.5392069424,42.0440277976,42.0440277976,42.0440277976,42.0440277976,42.0440277976,2881.41187649
99.9023082423,89.0551394777,77.1890387734,89.5306479794,29.1411966446,13.7400244666,62.1626529447,62.1626529447,62.1626529447,62.1626529447,62.1626529447,25003.9716156
17.5954551651,52.1310004754,63.8705609533,13.0199166394,54.8150220011,45.739737084,71.1762479673,71.1762479673,71.1762479673,71.1762479673,71.1762479673,164833.530269
27.037049808,53.7602595944,79.7841839584,81.3855256378,63.2024541092,64.0545710466,32.6025650248,32.6025650248,32.6025650248,32.6025650248,32.6025650248,252554.299839
45.2204465895,10.138343544,11.1803571753,5.67577576103,31.5678226327,7.26282486004,68.5607581981,68.5607581981,68.5607581981,68.5607581981,68.5607581981,31507.7465733
86.0967221956,86.1461502441,63.908655556,71.6602715374,98.9942917753,6.78181503997,17.7554187926,17.7554187926,17.7554187926,17.7554187926,17.7554187926,970199.212478
95.521730279,29.0096173941,38.3217941539,13.7586596181,52.8905183637,25.5567603362,34.8487032587,34.8487032587,34.8487032587,34.8487032587,34.8487032587,148071.165548
92.4366989339,2.03571675393,38.4934375534,83.1443512889,16.7600570049,2.96073766203,52.8905917983,52.8905917983,52.8905917983,52.8905917983,52.8905917983,4841.316847
75.4656560833,78.2445104169,83.6605108828,76.3872725891,68.0785980962,43.6720069518,61.5131779438,61.5131779438,61.5131779438,61.5131779438,61.5131779438,315707.284041
37.8539237106,38.7574396915,24.9196830906,67.0411364272,33.8934756323,82.9209013285,49.3445485676,49.3445485676,49.3445485676,49.3445485676,49.3445485676,39032.186344
73.4884422716,42.3468672321,80.0659507748,53.0767292941,39.9052989672,98.8901438641,77.9037467773,77.9037467773,77.9037467773,77.9037467773,77.9037467773,63657.9581182
72.0666913204,68.4921466441,38.0009782494,81.9063453943,44.9679632175,92.9903460318,21.9313132012,21.9313132012,21.9313132012,21.9313132012,21.9313132012,91000.897561
72.3334110178,10.8645896348,62.3428002391,0.247128550048,34.1009052741,46.0056016715,63.208798254,63.208798254,63.208798254,63.208798254,63.208798254,39778.1295196
75.0153482693,91.2833793992,21.9536363243,96.0748428412,97.103005846,83.7935823083,23.7197564473,23.7197564473,23.7197564473,23.7197564473,23.7197564473,915664.755741
72.1041485345,98.3089625207,58.0775205655,59.8261987268,69.6813969388,75.4561991422,93.0915847746,93.0915847746,93.0915847746,93.0915847746,93.0915847746,338388.989809
98.8376044644,62.170072927,35.9127017864,40.058496317,68.4600971083,78.6442148838,94.9312868971,94.9312868971,94.9312868971,94.9312868971,94.9312868971,320955.947249
19.9682839328,5.0942226368,39.4668232011,65.2657507013,73.3078001968,29.7472759692,93.3130141704,93.3130141704,93.3130141704,93.3130141704,93.3130141704,394012.941704
48.7635117228,19.4771849511,74.1311149554,15.9952495386,15.9921779643,84.2170077832,47.7277779738,47.7277779738,47.7277779738,47.7277779738,47.7277779738,4224.34697756
58.6944545204,61.7821170393,53.9468717315,27.6128264738,11.4876535882,39.9818452298,69.6161020322,69.6161020322,69.6161020322,69.6161020322,69.6161020322,1575.2004806
72.3000837007,4.39789227313,53.1253745148,60.8207612218,86.1214501956,18.0583761969,68.5315416583,68.5315416583,68.5315416583,68.5315416583,68.5315416583,638874.901741
55.3221687406,93.3543502204,8.14861514197,72.0427622628,73.0149602851,14.8084063849,51.710181546,51.710181546,51.710181546,51.710181546,51.710181546,389248.085276
89.0639346975,72.4458635967,87.5012114714,56.1855401209,63.8853052833,43.974424242,75.6566043854,75.6566043854,75.6566043854,75.6566043854,75.6566043854,260899.798908
73.9186693085,53.7541518579,10.1160350761,46.1385985076,11.271902565,43.4753791418,36.814185442,36.814185442,36.814185442,36.814185442,36.814185442,1498.30857239
40.0146079938,65.9395951683,77.450905829,69.2071514226,58.4932468747,48.0438809915,27.0026678649,27.0026678649,27.0026678649,27.0026678649,27.0026678649,200251.465517
60.4909517792,71.8745410294,1.84480203142,2.08956885713,26.712112186,33.3686832629,10.2568133716,10.2568133716,10.2568133716,10.2568133716,10.2568133716,19149.0834842
15.6420476821,42.0563264023,15.619562735,28.0723319564,95.4738087838,59.4293179917,39.0462546839,39.0462546839,39.0462546839,39.0462546839,39.0462546839,870259.221104
20.8241012929,14.98007656,0.683967600045,74.2768603494,7.23120742107,76.025120605,71.7987874976,71.7987874976,71.7987874976,71.7987874976,71.7987874976,408.872592125
84.5122760118,3.89350475306,47.5772304219,11.3943394533,93.065363502,27.0693078005,11.6510113574,11.6510113574,11.6510113574,11.6510113574,11.6510113574,806182.013013
52.9771532855,47.8336900594,40.3148561439,77.3759924055,45.4496261532,59.0211576825,92.8378326658,92.8378326658,92.8378326658,92.8378326658,92.8378326658,93946.7816838
67.3872614715,79.4290199233,57.7735216412,36.7990830608,35.3621342173,59.5948314511,77.5696567663,77.5696567663,77.5696567663,77.5696567663,77.5696567663,44283.2812803
8.44317351169,44.4027140955,23.1532983608,40.1784630837,49.4242891402,98.6532578439,54.1938279965,54.1938279965,54.1938279965,54.1938279965,54.1938279965,120783.017131
33.723725067,58.9547039007,3.35478565458,37.534730151,43.1820340861,64.436009494,41.8363645077,41.8363645077,41.8363645077,41.8363645077,41.8363645077,80596.6471206
20.1987241067,40.421822881,78.9901213063,36.0286258858,38.741831731,24.1892763864,33.7703307804,33.7703307804,33.7703307804,33.7703307804,33.7703307804,58262.9176725
24.3893846597,84.3157300733,59.8189967655,55.4754714088,73.7428161449,45.1923255642,91.6608417527,91.6608417527,91.6608417527,91.6608417527,91.6608417527,401137.619437
62.457225622,30.3759798228,40.6531002689,93.5543815052,81.0318081103,27.2813249475,31.9856210852,31.9856210852,31.9856210852,31.9856210852,31.9856210852,532144.588034
92.8005322517,72.3724769398,28.2402059204,40.9066845935,24.2565149503,20.2757966655,34.3487791524,34.3487791524,34.3487791524,34.3487791524,34.3487791524,14384.1491402
82.5049558118,86.7441860542,66.7290025091,56.178439494,65.8073523368,9.13770069397,17.281838891,17.281838891,17.281838891,17.281838891,17.281838891,285052.350022
9.22965715158,11.1868554706,39.9576269315,85.1799514733,48.5380165453,55.7532678434,41.223964578,41.223964578,41.223964578,41.223964578,41.223964578,114389.615909
53.4998317601,11.4147257316,46.3026990936,44.6551817165,74.5681256104,82.3909573395,8.82631238893,8.82631238893,8.82631238893,8.82631238893,8.82631238893,414719.477238
4.25576021909,43.180984837,77.9512229616,40.2366971036,59.8584586698,42.388370025,61.9343377034,61.9343377034,61.9343377034,61.9343377034,61.9343377034,214526.079865
60.6946549796,67.7791819465,40.3842869637,0.14967126268,30.4751243598,96.0891433883,9.56367812919,9.56367812919,9.56367812919,9.56367812919,9.56367812919,28339.0208348
34.4154299432,68.8026474267,63.1807910632,0.551183945325,15.8229823404,68.1856878865,15.622395592,15.622395592,15.622395592,15.622395592,15.622395592,4038.85432804
56.2935085049,2.3166352337,43.0156041107,36.9078049621,20.7752511559,42.0186311814,53.8414053985,53.8414053985,53.8414053985,53.8414053985,53.8414053985,9067.83400186
7.17912794989,31.996911273,75.8201694195,79.3501673676,13.1300395547,87.236039792,4.77737511803,4.77737511803,4.77737511803,4.77737511803,4.77737511803,2363.05191406
95.6646585317,70.4943414172,41.6369072089,57.1336424403,70.3327231623,51.5377944306,30.2667650337,30.2667650337,30.2667650337,30.2667650337,30.2667650337,348121.938257
16.2204863325,76.7450019927,99.6823452497,36.7502236787,90.6278588095,29.2258893114,51.781046464,51.781046464,51.781046464,51.781046464,51.781046464,744553.826014
15.4551670612,47.6432685644,38.090213911,34.9802515403,65.1107406148,7.97693714223,74.1225547288,74.1225547288,74.1225547288,74.1225547288,74.1225547288,276059.533608
58.2199337125,7.09619191587,9.79976351524,45.2439008332,20.4836302836,62.0163258826,89.1803563056,89.1803563056,89.1803563056,89.1803563056,89.1803563056,8669.22736107
92.2304181363,50.8927133158,77.3483747141,67.1113755947,10.3746016346,44.714525087,96.6399691533,96.6399691533,96.6399691533,96.6399691533,96.6399691533,1314.20995822
98.820984538,60.1023509694,71.8632818609,50.8544269775,68.3890015145,84.4783005032,86.1744153276,86.1744153276,86.1744153276,86.1744153276,86.1744153276,320005.769264
93.8049398186,46.5530358628,81.4817744912,24.0767047939,69.8978893592,22.3733546748,92.7086695632,92.7086695632,92.7086695632,92.7086695632,92.7086695632,341699.94013
5.2217613602,50.8535487073,17.0441589543,21.0089181876,36.2439858822,14.1370411933,13.9881193166,13.9881193166,13.9881193166,13.9881193166,13.9881193166,47663.1663668
68.8908184213,51.9891262749,82.2888530085,71.3314862924,15.2986107826,98.9473298348,7.35634820629,7.35634820629,7.35634820629,7.35634820629,7.35634820629,3784.89073361
49.4004788879,56.6732104481,26.6184204789,42.9204037759,99.5909494468,75.024832035,94.0207692706,94.0207692706,94.0207692706,94.0207692706,94.0207692706,987860.472562
14.5648623239,26.6140353209,18.2820283043,39.9886756857,91.6723109723,0.874328546787,59.6730845117,59.6730845117,59.6730845117,59.6730845117,59.6730845117,770458.300396
66.3497567489,96.1881671181,39.9340171907,99.6127519591,81.6598439787,46.5596483104,18.372519639,18.372519639,18.372519639,18.372519639,18.372519639,544730.153584
51.6984526047,41.6341282575,69.2121416524,51.3472832296,60.7835000383,90.0248524538,96.9275379752,96.9275379752,96.9275379752,96.9275379752,96.9275379752,224663.951366
5.81282108705,25.6788104347,53.0110785494,18.5584639553,52.7053547202,44.3356630838,86.4916199929,86.4916199929,86.4916199929,86.4916199929,86.4916199929,146480.203629
67.4761619304,56.4926708692,64.6936704792,63.0044366151,26.6053847919,17.5912821471,38.2289885366,38.2289885366,38.2289885366,38.2289885366,38.2289885366,18961.4030904
31.68913986,24.0326593579,61.9474532774,93.9348447028,64.1307655393,4.42498324779,42.6641065833,42.6641065833,42.6641065833,42.6641065833,42.6641065833,263825.562404
66.6872681619,86.9514472183,99.5910941368,70.3824249697,9.60001623926,34.1848381133,64.1440159564,64.1440159564,64.1440159564,64.1440159564,64.1440159564,977.203643378
50.0816437049,72.9388164637,25.5893400067,62.4293970301,5.07868345333,61.2763376267,37.8794918899,37.8794918899,37.8794918899,37.8794918899,37.8794918899,159.311128672
44.0709281271,91.5163921524,99.5892206244,8.02634549103,69.7800995385,84.1180213617,82.7198698772,82.7198698772,82.7198698772,82.7198698772,82.7198698772,339884.782014
28.8744126623,30.0768246381,25.2967112447,93.7319080305,46.5969318063,73.3189270555,39.6881642763,39.6881642763,39.6881642763,39.6881642763,39.6881642763,101199.826616
2.94087970271,82.966680735,48.7193295991,7.97682922134,9.19677063672,23.590496694,12.5037788798,12.5037788798,12.5037788798,12.5037788798,12.5037788798,909.129079413
17.0955227555,60.5232736516,80.2562634909,70.2682522357,7.60888221202,74.7216190661,80.4421833967,80.4421833967,80.4421833967,80.4421833967,80.4421833967,494.30753236
47.1227761,61.3325670084,9.71423274353,72.1082958289,54.5029842599,93.3771570823,62.7491334509,62.7491334509,62.7491334509,62.7491334509,62.7491334509,161900.053103
18.4068314651,53.2338856816,54.8351320119,32.4313253159,40.0660850252,53.9867651501,98.275179308,98.275179308,98.275179308,98.275179308,98.275179308,64400.0900251
95.4709990017,76.0536568202,52.6367911257,1.35282161667,71.1666847791,18.2784548305,15.1304301523,15.1304301523,15.1304301523,15.1304301523,15.1304301523,360633.694125
89.2296351548,4.03857913834,93.1459512228,25.4454000726,25.6602689142,75.9260700143,3.16437759521,3.16437759521,3.16437759521,3.16437759521,3.16437759521,17076.3848906
4.98693161156,66.8396815437,37.5896293913,37.3865727936,72.0446348173,72.5107094795,34.9475183805,34.9475183805,34.9475183805,34.9475183805,34.9475183805,373932.956651
66.7413343552,89.3615550825,21.3129206202,92.8821035332,91.6860061534,99.1755155279,77.9918013457,77.9918013457,77.9918013457,77.9918013457,77.9918013457,770917.317549
33.0304563129,1.89461993485,73.0781527156,63.6001524839,39.555694999,96.1105737218,83.9485034872,83.9485034872,83.9485034872,83.9485034872,83.9485034872,61998.828698
4.05127163117,31.1246852109,98.5516568628,76.3442190846,0.10067506421,51.4542045293,35.2904951938,35.2904951938,35.2904951938,35.2904951938,35.2904951938,94.9962882353
20.8477697895,49.0403874736,98.7610117586,74.00671394,65.8911480153,7.20998605831,49.6835555344,49.6835555344,49.6835555344,49.6835555344,49.6835555344,286148.878454
24.9886243693,19.1623685141,26.2544504121,67.2902881127,42.4572733566,47.2058549004,64.7092212862,64.7092212862,64.7092212862,64.7092212862,64.7092212862,76590.7266218
86.9784646915,37.6876334751,45.2492404275,31.0541563922,28.7350925238,1.54581914573,69.4687341859,69.4687341859,69.4687341859,69.4687341859,69.4687341859,23858.2489657
86.1180949886,2.09007109653,39.8265763578,31.1381460118,7.5409886532,43.3338657618,71.1907859037,71.1907859037,71.1907859037,71.1907859037,71.1907859037,555.66473398
2.41006129524,75.8389207728,45.06532658,35.5066871086,17.6605990422,37.6364105133,7.31035132494,7.31035132494,7.31035132494,7.31035132494,7.31035132494,5587.15506206
51.9191562862,74.3375629556,34.2913452308,85.3287944964,32.3416456733,42.834157465,83.7507780795,83.7507780795,83.7507780795,83.7507780795,83.7507780795,33850.5078878
67.3202171811,43.5459895465,38.6796764123,73.9566006078,41.7835812243,57.2607362113,17.2573508029,17.2573508029,17.2573508029,17.2573508029,17.2573508029,73035.5922435
86.1752467625,39.8598455502,96.2932982198,19.0648797793,93.8000407799,85.0748528583,27.053877225,27.053877225,27.053877225,27.053877225,27.053877225,825511.37532
39.2587521813,76.8333825087,70.8952889382,22.0127381299,44.735612216,61.677503879,0.520331976775,0.520331976775,0.520331976775,0.520331976775,0.520331976775,89715.3745199
27.5077316113,96.4707334396,59.2840028215,54.0975959738,39.2051214119,85.6475095684,22.4050172884,22.4050172884,22.4050172884,22.4050172884,22.4050172884,60423.7182694
42.7642085807,22.3008059951,45.6129699613,50.0749711293,65.5688081794,30.556152223,33.7001360538,33.7001360538,33.7001360538,33.7001360538,33.7001360538,281978.742071
81.2543664357,60.7394105462,71.6718224599,49.8404104255,87.6835172747,71.6989151173,98.0274182294,98.0274182294,98.0274182294,98.0274182294,98.0274182294,674246.445916
75.6731323948,4.44647321688,74.7764437654,38.1030249124,48.0618182298,66.7416666316,58.2524536,58.2524536,58.2524536,58.2524536,58.2524536,111167.361501
99.796648692,9.08482800173,4.78722523199,83.5550607146,12.1919349841,32.4209368899,14.4756408899,14.4756408899,14.4756408899,14.4756408899,14.4756408899,1921.7720298
32.954425132,45.2404374095,23.8456878977,58.6861374563,12.3156078497,62.9783220234,11.3945268352,11.3945268352,11.3945268352,11.3945268352,11.3945268352,1967.65565161
89.8503677089,15.1630950989,21.5780961596,24.7441876958,19.3392945229,4.3155866932,35.837507177,35.837507177,35.837507177,35.837507177,35.837507177,7351.25959439
11.6256349731,91.6319876172,24.7300632818,28.383482422,93.8326576785,92.3290563125,55.0807571787,55.0807571787,55.0807571787,55.0807571787,55.0807571787,826145.39556
61.3623923835,55.879597991,85.4173993101,74.8983216806,13.3208629494,76.588913481,87.9295802036,87.9295802036,87.9295802036,87.9295802036,87.9295802036,2476.21350988
77.3977503603,70.9698098678,96.1329276333,44.2564463767,68.067704363,7.60240950769,28.964351436,28.964351436,28.964351436,28.964351436,28.964351436,315614.447194
35.6125129548,45.2760787133,21.2881380224,41.8098934391,78.3998789381,58.8972331958,78.0264026336,78.0264026336,78.0264026336,78.0264026336,78.0264026336,481988.638523
32.4479324712,52.5450735516,70.9904845567,11.222252301,61.6510251026,48.6207137089,38.8641845199,38.8641845199,38.8641845199,38.8641845199,38.8641845199,234468.123872
0.62522745441,95.7968994777,13.7319788947,89.4695167545,29.1468525953,36.9991645573,73.0808315147,73.0808315147,73.0808315147,73.0808315147,73.0808315147,24871.7309678
86.7233202933,74.5873351104,43.2204951982,41.3860703866,57.7399504346,22.0159678926,90.8130212533,90.8130212533,90.8130212533,90.8130212533,90.8130212533,192573.689688
12.1011801402,6.78649191157,38.7066820694,97.8043126235,73.1615172413,96.0216602404,74.3089047003,74.3089047003,74.3089047003,74.3089047003,74.3089047003,391657.750012
32.8810903303,59.9111365871,48.0196273305,70.5078602697,16.5124322621,2.56051905312,33.5784264972,33.5784264972,33.5784264972,33.5784264972,33.5784264972,4571.8952006
84.6497362839,98.8210793296,85.8661740617,59.1929624281,4.95745670125,25.8957767071,54.6773391915,54.6773391915,54.6773391915,54.6773391915,54.6773391915,194.533325629
17.2333244531,49.0856070774,79.769310445,58.406834801,95.3796496469,6.34301602792,43.7211122752,43.7211122752,43.7211122752,43.7211122752,43.7211122752,867748.551422
93.8298074357,76.2490930182,93.0535200705,29.6265207146,86.3171103023,33.0517840487,5.34804875029,5.34804875029,5.34804875029,5.34804875029,5.34804875029,643361.690993
38.2224161186,95.4302566434,3.80897589819,66.3549957054,16.1307600985,96.1753801482,8.23911544389,8.23911544389,8.23911544389,8.23911544389,8.23911544389,4327.40711634
32.5906645455,11.6189789699,88.9261085272,70.9089330708,17.2925812991,41.9857304803,34.4364684834,34.4364684834,34.4364684834,34.4364684834,34.4364684834,5284.65923731
61.7311434431,27.8242534756,90.4503618778,18.1827039384,74.3988901477,73.1443549068,67.6637815477,67.6637815477,67.6637815477,67.6637815477,67.6637815477,411975.419171
34.4775794973,88.5486073106,47.1782949273,30.6171210903,58.1219195745,19.8077610191,56.1874945315,56.1874945315,56.1874945315,56.1874945315,56.1874945315,196475.209874
23.651649428,79.4353422688,36.0362663589,57.536490542,49.2110352136,96.4597092088,24.3583495061,24.3583495061,24.3583495061,24.3583495061,24.3583495061,119175.131638
26.2602678609,71.7760925644,82.7387957332,2.45972165182,97.8015313747,93.3366619316,71.4788881258,71.4788881258,71.4788881258,71.4788881258,71.4788881258,935627.569158
50.7789735019,23.9513795821,64.5313804935,59.5863331678,2.09632905881,50.509764141,53.7543505893,53.7543505893,53.7543505893,53.7543505893,53.7543505893,103.468598792
99.4804855374,10.093657515,29.2540516735,95.2594531646,15.3930240492,6.23134208801,53.988958234,53.988958234,53.988958234,53.988958234,53.988958234,3770.82835938
77.7161237105,22.9374464766,6.74668606143,89.9985705765,98.3080147296,9.54780640552,55.0263564833,55.0263564833,55.0263564833,55.0263564833,55.0263564833,950161.025781
72.2681784791,95.7921906172,33.8415900259,84.8807837528,22.0869259388,65.1647245931,3.82131889694,3.82131889694,3.82131889694,3.82131889694,3.82131889694,10975.5325786
39.2010799152,12.2914243956,55.8626253923,24.8155878503,71.6903078447,40.7425679386,77.3636905021,77.3636905021,77.3636905021,77.3636905021,77.3636905021,368543.186397
27.747911791,26.778685644,38.724972272,9.33060103986,63.8864668692,33.2654861743,21.3934554205,21.3934554205,21.3934554205,21.3934554205,21.3934554205,260843.696805
50.4154738983,82.0327425223,20.2676190408,58.1137448092,10.3391479789,40.7260473641,22.8611897373,22.8611897373,22.8611897373,22.8611897373,22.8611897373,1205.92301695
49.1365948611,12.8995353088,57.541577337,13.0743138566,10.5510105286,98.1345355642,7.50553152908,7.50553152908,7.50553152908,7.50553152908,7.50553152908,1286.83024942
11.2827390319,30.9215502059,99.0731921761,34.23866503,71.7615195602,22.4398936588,48.5598773285,48.5598773285,48.5598773285,48.5598773285,48.5598773285,369646.908911
88.4115640047,4.59709866748,5.24436392118,16.97144116,20.8381153932,52.8172286297,72.0502952557,72.0502952557,72.0502952557,72.0502952557,72.0502952557,9136.33011355
37.140675125,3.83458740082,46.8016334594,27.2948483487,46.8612669325,15.88746358,57.3853608112,57.3853608112,57.3853608112,57.3853608112,57.3853608112,102989.16937
66.3634325163,59.8661661528,92.3886319539,98.9958310545,69.5661296585,67.8015325765,50.298862276,50.298862276,50.298862276,50.298862276,50.298862276,336809.464401
28.0915613194,90.4765955233,60.8574630532,54.9134661352,60.6346574827,68.7454498057,52.1924447675,52.1924447675,52.1924447675,52.1924447675,52.1924447675,223067.512008
58.5163752594,3.70281880689,23.6675750436,40.8162216438,4.41995576916,81.4119571665,66.9048136973,66.9048136973,66.9048136973,66.9048136973,66.9048136973,167.428295639
11.5811848888,34.866775801,35.1749030131,12.7787305708,92.0626306636,1.32190703359,23.4598330146,23.4598330146,23.4598330146,23.4598330146,23.4598330146,780316.514064
85.4108288332,69.0942091857,52.8439899629,57.5513610463,72.7601644147,96.532406039,92.3421191763,92.3421191763,92.3421191763,92.3421191763,92.3421191763,385331.990567
17.7494350862,92.0876761391,10.7088848924,21.8702637888,4.95265181945,24.2525125253,34.3006880619,34.3006880619,34.3006880619,34.3006880619,34.3006880619,72.6268899445
13.3121375826,24.7627233384,25.9970787378,11.9271937468,61.7216758542,35.172240335,58.7267273674,58.7267273674,58.7267273674,58.7267273674,58.7267273674,235162.36413
58.9490096819,86.4229951309,80.6092599611,97.3241303488,41.1134926631,65.517929041,65.6618007003,65.6618007003,65.6618007003,65.6618007003,65.6618007003,69547.4553943
79.2913839514,41.2433509832,90.5245383332,64.3746448479,71.3093896529,62.0032110437,9.51167257343,9.51167257343,9.51167257343,9.51167257343,9.51167257343,362765.915878
72.2508025227,85.9937921991,49.3024380433,19.6939584542,34.8562058827,2.16607388794,65.9122184906,65.9122184906,65.9122184906,65.9122184906,65.9122184906,42392.3428668
80.6862964142,26.6957344794,38.5588282963,85.6839129901,80.5396602822,70.3755127404,84.5666466772,84.5666466772,84.5666466772,84.5666466772,84.5666466772,522576.895682
24.2776446929,89.4286510832,40.7683641349,41.1921536539,54.1056616774,61.0645721912,14.5041907988,14.5041907988,14.5041907988,14.5041907988,14.5041907988,158544.557069
11.7750584975,77.4554386615,17.3368021869,71.4975774919,7.8115226406,5.13445725946,19.0445045219,19.0445045219,19.0445045219,19.0445045219,19.0445045219,573.990271983
25.0087932726,13.6315591579,90.5186322332,93.0035483073,48.5257304941,50.307989746,11.8643812449,11.8643812449,11.8643812449,11.8643812449,11.8643812449,114393.106792
83.0389907461,64.5158057656,16.6205880357,26.4159699191,34.3462367877,87.1402412925,12.3502309979,12.3502309979,12.3502309979,12.3502309979,12.3502309979,40681.5202012
48.8818929187,15.516656458,97.4580333163,52.728176199,9.38335822744,12.4703589998,44.2925828353,44.2925828353,44.2925828353,44.2925828353,44.2925828353,975.240248509
94.779143825,58.6650815494,82.8657089743,75.2617815439,4.5913454014,34.2416416943,18.5690178148,18.5690178148,18.5690178148,18.5690178148,18.5690178148,323.993571082
9.87868692309,52.7452249375,34.4216103928,86.5067538624,65.5403294947,57.636021847,85.5532932661,85.5532932661,85.5532932661,85.5532932661,85.5532932661,281607.204654
80.3452968679,24.2577264689,39.5568007672,73.8221714641,46.2989849062,0.883262817566,69.8825550091,69.8825550091,69.8825550091,69.8825550091,69.8825550091,99347.1546836
12.7340940645,44.4637969966,78.95746613,18.2356183418,94.9671013554,87.683679796,2.42606121945,2.42606121945,2.42606121945,2.42606121945,2.42606121945,856595.441264
70.77839477,17.5469194899,19.5299699513,43.8591064735,5.71262890716,85.5172787475,25.6833258235,25.6833258235,25.6833258235,25.6833258235,25.6833258235,260.690291049
26.1315549836,87.0504020724,4.4468625222,84.5616707862,20.9056439157,21.1105351708,54.7450826067,54.7450826067,54.7450826067,54.7450826067,54.7450826067,9098.16031542
3.36540452938,61.5507734718,87.8480583838,55.8390893221,62.417327791,63.9874489358,79.1128681707,79.1128681707,79.1128681707,79.1128681707,79.1128681707,243203.690663
12.3053878363,49.3573256841,88.0918793829,47.3921539927,99.569081197,22.1050422384,64.4586723549,64.4586723549,64.4586723549,64.4586723549,64.4586723549,987188.287932
91.6838366362,82.4818810322,7.33947822457,47.2918159502,83.3069080605,70.9032570158,47.1642444397,47.1642444397,47.1642444397,47.1642444397,47.1642444397,578310.426882
65.4978215339,36.6562974188,89.2072121328,19.2940929592,75.3995892536,60.722307395,91.8336063266,91.8336063266,91.8336063266,91.8336063266,91.8336063266,428776.692502
97.0495769356,29.426345629,73.6444497454,23.4702582733,20.2304119596,73.1484472976,22.8815544768,22.8815544768,22.8815544768,22.8815544768,22.8815544768,8423.3359432
52.5548995433,21.1005093496,12.45550737,73.0953229895,83.9451778187,4.7571752181,75.1119093727,75.1119093727,75.1119093727,75.1119093727,75.1119093727,591624.166501
76.2636837273,18.0793513123,51.829609146,80.0593415597,83.263393337,28.4881210853,12.5456108482,12.5456108482,12.5456108482,12.5456108482,12.5456108482,577361.591441
9.1709896049,24.467944917,50.1982104092,91.0986693665,94.8366998174,49.8166270019,72.1482641738,72.1482641738,72.1482641738,72.1482641738,72.1482641738,853005.01302
66.2043724287,43.9949682406,94.6131386493,77.1669258568,55.6768892346,6.05808487522,34.2154980648,34.2154980648,34.2154980648,34.2154980648,34.2154980648,172755.473407
87.2209876216,26.6295141728,89.1663774022,38.3799764441,21.9724554902,61.0176954689,2.6680974222,2.6680974222,2.6680974222,2.6680974222,2.6680974222,10812.5020486
22.339481663,50.6438860289,14.2918328359,90.555177045,67.4169885813,61.9739470129,82.9079274085,82.9079274085,82.9079274085,82.9079274085,82.9079274085,306470.333934
29.0685919245,30.3087129666,83.0909747069,28.8654743144,49.0675112379,23.5682695216,69.5921324662,69.5921324662,69.5921324662,69.5921324662,69.5921324662,118219.455903
4.24032123369,92.4733537368,5.3598925999,22.9299072982,88.01131948,35.0598230212,1.21140410099,1.21140410099,1.21140410099,1.21140410099,1.21140410099,681652.550137
45.150847903,18.6853520005,19.8083249053,39.0782758792,63.9420487493,85.9232273856,16.8341743189,16.8341743189,16.8341743189,16.8341743189,16.8341743189,261495.634395
59.5503476448,20.7632962776,42.7886700233,73.2875813493,14.3206678909,63.0331168905,86.8478460662,86.8478460662,86.8478460662,86.8478460662,86.8478460662,3058.87116813
55.0617611764,0.18578822212,67.0337973751,50.5596135883,45.7975078806,73.9969848572,57.2295174362,57.2295174362,57.2295174362,57.2295174362,57.2295174362,96179.6417449
85.8215682265,89.4552349885,55.1351843405,28.3928026989,39.3177358468,26.5996421455,58.7965138223,58.7965138223,58.7965138223,58.7965138223,58.7965138223,61011.1690368
52.6447514289,89.7318711329,58.5336197361,66.6822486197,3.04481190784,12.3294923952,58.227946249,58.227946249,58.227946249,58.227946249,58.227946249,227.753849234
51.1673841686,87.0414786947,86.0074866137,77.9000463367,92.384007262,17.2694056641,55.2327868678,55.2327868678,55.2327868678,55.2327868678,55.2327868678,788548.193504
48.8456949831,18.8861413207,45.7858925216,38.0267192832,46.2123926275,21.8905356057,14.7091443732,14.7091443732,14.7091443732,14.7091443732,14.7091443732,98787.1203116
91.3907680743,74.3973451551,22.7252521537,69.7924481803,47.7445213327,91.8709124324,64.3726349919,64.3726349919,64.3726349919,64.3726349919,64.3726349919,108886.670799
11.4339429575,97.0072119979,5.09424734082,4.17013902015,23.5717555427,40.4845995866,96.4849945632,96.4849945632,96.4849945632,96.4849945632,96.4849945632,13147.9678009
63.6756964705,98.1531136305,85.5688143434,41.9218722065,47.5308375738,15.183757365,65.6812749754,65.6812749754,65.6812749754,65.6812749754,65.6812749754,107460.906789
77.3132693496,65.5887605289,86.6479427105,27.1946583268,17.1077390342,94.5529850022,66.1805163603,66.1805163603,66.1805163603,66.1805163603,66.1805163603,5197.37340091
6.56666152067,37.681666985,83.7831108302,44.71419823,62.1023679683,21.1265158831,73.1998915221,73.1998915221,73.1998915221,73.1998915221,73.1998915221,239601.813983
17.8606751879,33.7959046288,62.7399880977,94.4796347096,12.3556790428,90.3302281376,84.4508176983,84.4508176983,84.4508176983,84.4508176983,84.4508176983,1989.92302847
56.42169934,93.2766644136,12.1538301854,22.4501806153,72.3235659684,24.6274985984,34.5454976749,34.5454976749,34.5454976749,34.5454976749,34.5454976749,378294.869639
27.1428604773,62.7267501683,1.73455213485,53.809248999,11.9909758518,61.621640904,71.914510614,71.914510614,71.914510614,71.914510614,71.914510614,1745.30907657
13.3061373046,66.1297035503,19.231923119,81.5660001625,4.2695219629,45.7609726478,60.080943803,60.080943803,60.080943803,60.080943803,60.080943803,99.1712907874
49.0652563763,21.7226685805,31.4488725463,8.0783087073,82.5196426643,96.4785496908,60.3469990328,60.3469990328,60.3469990328,60.3469990328,60.3469990328,562003.509498
61.5601991608,68.6062258774,76.9200294682,26.3373343418,98.8649348033,43.6551252455,32.0186177371,32.0186177371,32.0186177371,32.0186177371,32.0186177371,966439.856231
32.1889434517,66.5006418098,98.4443536055,66.64310276,89.2880866888,5.48966528241,31.6289729107,31.6289729107,31.6289729107,31.6289729107,31.6289729107,711933.204852
72.5826015876,25.4216328799,81.2649056642,44.0610780057,0.472796839416,79.4689710166,98.365354658,98.365354658,98.365354658,98.365354658,98.365354658,161.955345447
5.18699981271,36.3188016357,19.2274904363,11.8979529272,9.38004402524,59.3099294819,35.374836718,35.374836718,35.374836718,35.374836718,35.374836718,812.533127865
54.1248456228,61.7514195068,67.2529292128,93.7112971305,25.0375274532,26.1050347266,20.5133669751,20.5133669751,20.5133669751,20.5133669751,20.5133669751,15762.0082564
60.1271281314,75.6416477957,87.254374552,63.2527162046,41.6359757719,7.85314000648,54.8572346063,54.8572346063,54.8572346063,54.8572346063,54.8572346063,72344.4721315
0.200502019641,34.5880857614,9.97970365235,3.39384654735,51.5777196616,76.1347913328,79.8194988858,79.8194988858,79.8194988858,79.8194988858,79.8194988858,137218.225949
79.8906049029,89.5718916104,8.43042223282,61.1498204634,97.8195860009,97.901063746,5.06969858098,5.06969858098,5.06969858098,5.06969858098,5.06969858098,936180.663199
68.3549986895,90.0023755848,26.5742273577,10.4028153556,96.1971618201,98.1971279222,77.1041572707,77.1041572707,77.1041572707,77.1041572707,77.1041572707,890372.242717
93.2425523067,49.4349844162,54.6673106275,2.59297070688,8.56319256242,58.5993226416,76.8811277823,76.8811277823,76.8811277823,76.8811277823,76.8811277823,740.708597129
50.7888709317,23.6601675645,28.5447715883,19.3843044908,51.4153626041,15.1227891052,93.7545646244,93.7545646244,93.7545646244,93.7545646244,93.7545646244,135975.617475
81.918285785,39.2581652098,19.1896322799,90.2414005956,80.5608275713,80.9389443655,14.5254578811,14.5254578811,14.5254578811,14.5254578811,14.5254578811,522984.569738
12.5161470382,48.0733297164,17.8619317292,8.26578999481,14.1349602027,88.2078195457,59.8816543611,59.8816543611,59.8816543611,59.8816543611,59.8816543611,2815.71995836
66.2057641,13.3831813681,4.54912773079,78.4025884811,91.8358619462,35.3551494398,4.53660522338,4.53660522338,4.53660522338,4.53660522338,4.53660522338,774608.908174
45.6764651277,36.9687437753,84.6602025195,38.026122423,85.9284723953,78.3790624036,18.3010684274,18.3010684274,18.3010684274,18.3010684274,18.3010684274,634577.23986
25.1527418178,26.5052227981,8.23490202688,77.051869277,86.0054325235,39.1780662438,12.2566584452,12.2566584452,12.2566584452,12.2566584452,12.2566584452,636236.22625
95.3581772705,47.9317210712,73.6543020476,45.6968014279,70.9864001592,40.26101246,48.144060219,48.144060219,48.144060219,48.144060219,48.144060219,357841.721806
58.4584345696,78.8561618298,13.4397391034,50.2540279584,12.4193819114,22.744972121,10.5946736905,10.5946736905,10.5946736905,10.5946736905,10.5946736905,1962.82108183
30.3612642248,84.2849843016,35.6832623602,75.9371883774,16.6176343252,81.7272318229,56.6791029799,56.6791029799,56.6791029799,56.6791029799,56.6791029799,4698.8491388
16.8049441641,62.2776523579,64.1702906216,4.72557299005,41.1230801192,15.0681722814,88.1825196844,88.1825196844,88.1825196844,88.1825196844,88.1825196844,69591.5201637
79.0089908286,39.2880403735,69.9106122083,50.5962887318,88.3291054722,8.2633227331,57.2778491735,57.2778491735,57.2778491735,57.2778491735,57.2778491735,689335.909973
42.5873313498,96.44806328,51.8421828133,91.1557657876,33.3661666894,41.4978075777,86.1699616383,86.1699616383,86.1699616383,86.1699616383,86.1699616383,37317.9342605
22.0573878328,55.003217578,21.670710977,90.876158903,79.2511333963,71.0113419052,56.5976133024,56.5976133024,56.5976133024,56.5976133024,56.5976133024,497745.651329
97.3582291375,62.6308621951,50.5654149084,33.7663210871,36.6172178495,4.73523921588,15.345930886,15.345930886,15.345930886,15.345930886,15.345930886,49233.1067852
