70,49,60,35,3,3,17,17,17,17,17,109.840625397
64,63,63,18,41,81,21,21,21,21,21,69057.7924219
58,90,45,87,83,95,18,18,18,18,18,571969.637882
21,70,65,74,92,6,20,20,20,20,20,778827.187201
76,7,67,84,46,43,77,77,77,77,77,97484.3320965
34,51,9,3,83,90,64,64,64,64,64,571864.322808
44,64,45,63,89,48,47,47,47,47,47,705117.049022
87,91,83,61,89,80,72,72,72,72,72,705147.678746
13,1,24,3,27,15,96,96,96,96,96,19720.982591
43,67,28,58,22,54,74,74,74,74,74,10662.6730341
25,26,99,96,35,72,35,35,35,35,35,43019.8101075
89,2,66,44,66,24,54,54,54,54,54,287652.836297
1,89,4,36,69,90,92,92,92,92,92,328589.554398
13,80,65,67,81,46,6,6,6,6,6,531438.633388
87,6,49,72,93,78,13,13,13,13,13,804491.57733
9,99,7,75,84,31,26,26,26,26,26,592620.690742
24,70,25,58,73,61,80,80,80,80,80,389121.16522
51,61,85,33,98,75,97,97,97,97,97,941270.066728
44,56,91,54,19,28,8,8,8,8,8,6964.23435483
53,93,48,54,65,1,59,59,59,59,59,274637.397734
8,22,87,59,49,98,29,29,29,29,29,117744.442009
25,10,62,24,48,22,75,75,75,75,75,110672.654211
80,29,64,44,57,25,77,77,77,77,77,185317.772319
95,5,17,25,52,43,98,98,98,98,98,140715.073027
33,46,57,60,22,11,34,34,34,34,34,10779.1774534
80,95,16,68,15,3,19,19,19,19,19,3535.01462327
7,79,86,71,47,89,62,62,62,62,62,103881.866154
85,100,78,22,14,95,41,41,41,41,41,2856.35458458
71,90,60,43,100,39,77,77,77,77,77,1000210.62792
27,79,84,37,30,3,26,26,26,26,26,27075.2742491
32,60,63,48,62,39,37,37,37,37,37,238403.943108
96,15,57,61,49,16,81,81,81,81,81,117810.7882
23,60,12,31,63,4,70,70,70,70,70,250063.307459
91,68,88,24,18,38,35,35,35,35,35,5949.03533935
54,61,39,78,30,13,69,69,69,69,69,27034.5807945
30,60,97,95,95,23,33,33,33,33,33,857484.394624
87,82,11,21,30,66,26,26,26,26,26,27124.5214158
26,97,7,90,11,43,40,40,40,40,40,1401.71594735
68,10,78,88,35,35,41,41,41,41,41,43015.5951872
98,18,16,58,2,64,81,81,81,81,81,109.475102206
77,66,32,31,86,43,12,12,12,12,12,636162.843586
30,4,42,43,13,20,27,27,27,27,27,2265.14101528
13,68,61,11,73,10,68,68,68,68,68,389028.940928
99,25,94,73,94,7,41,41,41,41,41,830773.014434
31,98,16,33,52,76,2,2,2,2,2,140599.808488
86,94,9,77,62,73,48,48,48,48,48,238400.945834
82,17,80,9,14,46,19,19,19,19,19,2890.06836112
73,44,62,57,17,29,48,48,48,48,48,5049.21504946
53,15,25,0,17,10,39,39,39,39,39,5000.7543176
37,26,98,100,66,63,39,39,39,39,39,287650.320154
34,82,40,62,38,56,13,13,13,13,13,54970.9455795
67,100,34,59,85,92,1,1,1,1,1,614176.000174
52,34,7,81,22,24,85,85,85,85,85,10724.3589233
46,7,39,4,44,73,50,50,50,50,50,85272.8421037
86,63,71,30,40,35,79,79,79,79,79,64166.5553775
29,61,20,58,7,54,92,92,92,92,92,334.059688678
49,39,97,31,65,39,50,50,50,50,50,274808.183982
76,10,57,80,3,74,56,56,56,56,56,153.565900237
91,76,4,66,56,3,56,56,56,56,56,175754.000317
96,3,76,94,81,69,10,10,10,10,10,531613.178108
51,86,62,38,32,94,10,10,10,10,10,32801.8789421
21,82,56,77,1,27,84,84,84,84,84,104.684280318
87,20,63,16,31,22,44,44,44,44,44,29958.9710017
96,60,2,2,12,92,24,24,24,24,24,1808.62066016
10,97,65,7,100,8,68,68,68,68,68,1000112.47894
2,41,19,25,1,82,70,70,70,70,70,15.3641188289
28,97,59,68,68,32,13,13,13,13,13,314554.924023
29,94,27,41,20,83,76,76,76,76,76,8032.7876907
37,44,43,44,80,23,66,66,66,66,66,512080.796587
26,10,48,45,71,78,40,40,40,40,40,357980.410692
10,80,16,25,48,66,67,67,67,67,67,110538.356556
71,65,8,49,36,76,76,76,76,76,76,46787.7901115
16,83,29,8,45,58,22,22,22,22,22,91251.3636085
43,93,52,76,15,12,82,82,82,82,82,3382.3758685
59,26,37,63,10,89,46,46,46,46,46,1115.99387541
4,83,7,4,28,48,67,67,67,67,67,22042.6174478
47,77,49,58,92,85,94,94,94,94,94,778861.955925
55,26,30,82,78,5,60,60,60,60,60,474657.139749
93,97,9,77,55,46,0,0,0,0,0,166514.821471
52,4,55,57,60,74,95,95,95,95,95,216104.408955
97,35,50,91,28,51,72,72,72,72,72,22084.1195941
49,85,65,43,80,82,23,23,23,23,23,512098.201798
90,27,23,41,74,69,15,15,15,15,15,405362.663527
29,98,42,8,97,82,9,9,9,9,9,912688.797935
91,91,84,46,26,79,91,91,91,91,91,17761.5466519
89,7,8,33,71,88,3,3,3,3,3,358013.598818
50,59,64,59,59,11,4,4,4,4,4,205531.20428
68,19,100,36,63,51,24,24,24,24,24,250216.855888
23,82,35,91,16,54,70,70,70,70,70,4179.79074767
54,50,48,79,13,58,72,72,72,72,72,2285.43714465
34,66,69,11,96,98,24,24,24,24,24,884836.247634
62,91,31,4,52,47,40,40,40,40,40,140709.888061
46,75,47,80,51,45,5,5,5,5,5,132713.922489
10,70,60,53,82,43,19,19,19,19,19,551492.568273
28,68,98,79,27,84,47,47,47,47,47,19747.496805
65,94,28,58,94,39,72,72,72,72,72,830654.939186
75,10,75,76,19,93,39,39,39,39,39,7004.12589653
57,84,72,75,27,77,53,53,53,53,53,19873.2002053
75,76,56,81,9,73,15,15,15,15,15,902.39429241
45,22,28,99,41,23,85,85,85,85,85,68992.8060644
49,58,80,89,13,96,33,33,33,33,33,2384.44668299
89,3,77,67,91,55,86,86,86,86,86,753736.56784
39,81,89,73,52,94,50,50,50,50,50,140684.302301
22,81,30,5,31,12,82,82,82,82,82,29791.0201482
62,22,90,52,81,56,5,5,5,5,5,531593.791899
30,21,88,74,21,2,19,19,19,19,19,9395.63861312
68,96,38,40,94,41,82,82,82,82,82,830785.169537
62,84,98,12,10,46,9,9,9,9,9,1221.05141397
25,8,44,9,99,66,21,21,21,21,21,970376.326984
57,57,39,41,25,14,80,80,80,80,80,15745.7027684
34,65,97,44,71,14,74,74,74,74,74,358095.761566
46,7,92,68,64,44,21,21,21,21,21,262285.700979
74,97,73,63,70,70,98,98,98,98,98,343183.989306
86,67,46,89,27,87,83,83,83,83,83,19758.5402308
92,32,79,88,59,61,36,36,36,36,36,205567.681052
35,90,35,71,81,36,39,39,39,39,39,531592.410754
53,45,2,83,100,5,31,31,31,31,31,1000094.25902
71,22,23,45,17,11,76,76,76,76,76,5007.65617472
91,32,17,4,64,31,18,18,18,18,18,262268.888851
41,50,60,40,69,16,12,12,12,12,12,328597.62637
91,52,61,10,29,11,51,51,51,51,51,24591.7606137
12,23,66,34,84,34,64,64,64,64,64,592763.066013
89,72,86,7,94,70,39,39,39,39,39,830777.932269
45,91,42,94,77,50,0,0,0,0,0,456629.399612
40,44,56,13,8,69,28,28,28,28,28,609.199051741
5,28,33,21,13,11,100,100,100,100,100,2243.42201771
33,28,87,37,88,44,61,61,61,61,61,681598.941824
4,97,74,8,81,51,54,54,54,54,54,531556.811309
54,96,21,38,50,0,78,78,78,78,78,125170.119734
70,35,100,96,44,60,74,74,74,74,74,85339.9971943
63,83,53,88,73,100,82,82,82,82,82,389213.409649
97,2,60,74,45,62,53,53,53,53,53,91282.8334486
14,33,67,70,80,80,65,65,65,65,65,512114.770982
39,63,3,81,44,81,37,37,37,37,37,85235.9135211
75,53,46,13,87,93,39,39,39,39,39,658645.4042
15,51,68,74,56,8,19,19,19,19,19,175732.196542
89,91,35,82,44,70,5,5,5,5,5,85317.9580924
28,13,66,80,92,26,54,54,54,54,54,778786.468283
94,61,65,80,34,54,95,95,95,95,95,39403.0729274
29,96,99,36,36,32,73,73,73,73,73,46877.4326447
94,83,8,51,19,90,16,16,16,16,16,7042.04447945
44,70,41,59,11,90,34,34,34,34,34,1470.80908572
36,32,72,28,75,61,63,63,63,63,63,422000.91656
5,73,46,56,35,78,19,19,19,19,19,42876.0740961
19,37,89,37,0,78,44,44,44,44,44,83.5455509324
2,4,99,23,49,6,67,67,67,67,67,117746.12657
94,44,30,12,29,96,98,98,98,98,98,24513.2423118
68,100,16,35,82,34,80,80,80,80,80,551400.935253
16,38,81,65,59,10,17,17,17,17,17,205488.088835
67,30,65,89,78,44,74,74,74,74,74,474655.219121
76,46,2,6,10,32,88,88,88,88,88,1119.20284849
79,32,6,11,39,38,19,19,19,19,19,59420.6456636
37,69,58,9,58,92,9,9,9,9,9,195199.491966
64,54,100,82,60,55,7,7,7,7,7,216134.13862
35,14,2,78,76,71,20,20,20,20,20,439027.382481
95,35,39,91,47,29,99,99,99,99,99,103942.119594
63,95,34,74,7,75,6,6,6,6,6,503.924716639
35,69,66,30,60,91,88,88,88,88,88,216092.091816
81,16,63,1,91,22,91,91,91,91,91,753711.235018
6,17,13,50,18,22,21,21,21,21,21,5834.39386778
99,85,26,88,10,69,42,42,42,42,42,1110.06897061
94,97,16,0,50,94,34,34,34,34,34,125146.821951
63,70,85,66,83,97,9,9,9,9,9,571989.145797
63,57,12,29,85,34,55,55,55,55,55,614224.197757
72,22,100,41,87,48,80,80,80,80,80,658674.646649
0,27,74,31,90,87,3,3,3,3,3,729099.418112
8,37,40,3,66,32,2,2,2,2,2,287520.330209
12,27,69,61,14,18,53,53,53,53,53,2849.8560323
68,78,39,90,45,15,70,70,70,70,70,91272.9843162
19,85,14,88,10,38,41,41,41,41,41,1018.06897061
97,72,7,12,89,20,16,16,16,16,16,705090.738709
35,10,72,89,38,59,49,49,49,49,49,54974.4198583
78,45,58,88,93,87,75,75,75,75,75,804531.326057
38,91,37,98,85,35,18,18,18,18,18,614209.071482
26,55,16,41,58,48,94,94,94,94,94,195098.854843
30,80,74,76,13,84,3,3,3,3,3,2222.05501532
13,85,41,65,21,64,79,79,79,79,79,9300.86040098
84,29,29,58,8,12,49,49,49,49,49,606.747490006
60,33,95,21,35,24,73,73,73,73,73,43063.833747
88,15,60,1,43,32,32,32,32,32,32,79665.5957886
87,85,26,29,39,38,1,1,1,1,1,59416.3699384
14,3,83,43,70,75,17,17,17,17,17,343096.591585
63,24,47,96,8,14,14,14,14,14,14,601.249707057
50,80,97,2,50,76,75,75,75,75,75,125068.398205
79,60,60,95,8,7,15,15,15,15,15,633.394624449
30,95,83,56,99,7,67,67,67,67,67,970476.388312
98,5,37,15,7,89,59,59,59,59,59,473.855666467
18,85,91,50,74,15,63,63,63,63,63,405317.771197
40,45,95,17,50,100,64,64,64,64,64,125172.329261
74,20,94,15,37,38,32,32,32,32,32,50839.9091929
28,43,45,93,57,77,54,54,54,54,54,185229.285404
91,25,26,92,79,43,72,72,72,72,72,493151.91174
80,28,0,15,36,42,56,56,56,56,56,46744.2356499
31,79,13,66,17,82,7,7,7,7,7,4921.88854802
53,18,56,15,8,74,42,42,42,42,42,608.132517398
38,3,79,46,63,14,75,75,75,75,75,250165.325148
78,58,99,25,77,30,75,75,75,75,75,456767.454262
99,78,98,40,100,81,94,94,94,94,94,1000237.83543
61,77,5,70,75,54,69,69,69,69,69,422018.736943
54,85,93,65,62,55,39,39,39,39,39,238460.860401
96,10,4,49,10,23,71,71,71,71,71,1093.60603624
91,7,65,4,26,29,19,19,19,19,19,17735.8421037
56,1,38,100,37,1,92,92,92,92,92,50747.481868
84,56,89,100,61,55,19,19,19,19,19,227124.286778
66,18,96,2,11,17,4,4,4,4,4,1480.39152698
49,94,47,5,89,66,49,49,49,49,49,705040.987389
78,28,36,100,98,44,62,62,62,62,62,941313.078996
6,29,80,71,46,12,20,20,20,20,20,97403.705672
75,82,38,3,98,61,4,4,4,4,4,941330.82588
82,42,25,25,81,21,95,95,95,95,95,531509.373743
88,32,64,1,33,22,32,32,32,32,32,36107.4871248
27,96,63,34,40,92,29,29,29,29,29,64184.9535062
92,51,98,34,55,80,28,28,28,28,28,166599.710771
75,89,1,44,53,24,73,73,73,73,73,149029.563879
18,29,81,48,14,20,39,39,39,39,39,2822.9863627
14,79,49,25,42,69,59,59,59,59,59,74115.7827474
42,20,44,21,45,4,73,73,73,73,73,91230.0956945
3,3,43,97,91,32,65,65,65,65,65,753617.802968
91,36,70,93,22,99,41,41,41,41,41,10772.3476791
43,98,44,82,33,45,93,93,93,93,93,35968.1218053
25,28,23,88,74,97,4,4,4,4,4,405279.62076
63,84,60,51,43,64,19,19,19,19,19,79692.2582161
54,25,2,36,50,60,5,5,5,5,5,125051.699427
67,77,67,21,3,84,73,73,73,73,73,238.799707849
73,21,17,42,98,31,23,23,23,23,23,941298.653247
81,55,44,28,83,81,93,93,93,93,93,571857.284371
83,26,9,19,90,73,96,96,96,96,96,729111.976397
31,5,73,78,74,28,86,86,86,86,86,405323.719357
93,20,43,7,50,6,47,47,47,47,47,125154.915892
45,23,70,63,82,59,71,71,71,71,71,551463.704286
57,27,34,97,69,56,91,91,91,91,91,328626.201758
1,69,1,44,32,73,87,87,87,87,87,32762.0975498
9,61,13,27,51,32,61,61,61,61,61,132615.023192
52,92,18,100,15,52,6,6,6,6,6,3372.78275595
67,33,34,18,74,93,13,13,13,13,13,405357.246104
36,44,21,65,89,7,42,42,42,42,42,705027.605713
58,12,59,98,62,28,51,51,51,51,51,238437.987743
21,63,32,50,10,92,32,32,32,32,32,1063.28103427
47,33,46,24,17,87,6,6,6,6,6,5038.09151302
92,90,91,12,37,2,34,34,34,34,34,50915.9771178
51,63,69,99,82,89,6,6,6,6,6,551497.544202
67,26,28,69,51,77,55,55,55,55,55,132765.711735
56,83,99,80,6,59,34,34,34,34,34,450.380361617
36,67,15,21,85,6,52,52,52,52,52,614119.516817
67,94,29,65,74,34,1,1,1,1,1,405297.773142
33,14,88,56,29,88,44,44,44,44,44,24523.346952
43,28,4,43,61,10,90,90,90,90,90,227034.753587
79,26,77,39,100,7,80,80,80,80,80,1000176.79032
57,77,21,31,17,36,70,70,70,70,70,5067.55901457
22,4,49,5,76,82,28,28,28,28,28,439043.013866
49,3,69,24,23,81,65,65,65,65,65,12284.5177817
57,96,22,85,93,70,96,96,96,96,96,804530.248348
18,2,16,26,87,33,27,27,27,27,27,658539.581153
41,39,38,24,59,12,16,16,16,16,16,205494.682442
77,32,60,16,96,35,23,23,23,23,23,884890.35775
87,6,56,14,53,81,40,40,40,40,40,149019.314114
57,41,53,30,65,8,78,78,78,78,78,274727.508439
43,3,38,97,0,63,78,78,78,78,78,81.8029677632
48,9,16,64,74,13,49,49,49,49,49,405292.629092
6,21,79,88,68,75,67,67,67,67,67,314534.605167
100,30,6,2,74,38,2,2,2,2,2,405301.268349
77,82,21,99,7,62,1,1,1,1,1,465.685553325
69,70,70,42,61,80,22,22,22,22,22,227173.255826
94,28,29,96,100,62,35,35,35,35,35,1000131.56895
59,88,94,75,99,79,55,55,55,55,55,970454.727269
100,90,24,91,66,76,54,54,54,54,54,287700.565687
45,86,32,97,36,9,53,53,53,53,53,46653.9621813
93,90,42,33,72,33,29,29,29,29,29,373464.459612
42,74,33,83,75,59,15,15,15,15,15,421878.067541
35,2,48,78,62,71,84,84,84,84,84,238413.332573
10,44,93,27,0,8,81,81,81,81,81,104.735260633
44,55,65,27,49,31,71,71,71,71,71,117703.969841
37,97,97,91,88,41,30,30,30,30,30,681642.927938
97,93,0,61,87,93,24,24,24,24,24,658510.843643
29,57,83,76,60,99,24,24,24,24,24,216137.427499
44,39,49,27,76,45,45,45,45,45,45,439107.544396
4,36,54,56,35,78,73,73,73,73,73,42896.7744103
26,55,38,17,93,4,65,65,65,65,65,804365.052202
92,37,33,73,17,77,91,91,91,91,91,5013.51231711
2,62,52,29,55,46,72,72,72,72,72,166382.507163
49,1,47,4,38,5,76,76,76,76,76,54968.0846694
6,35,21,91,6,1,12,12,12,12,12,228.266356743
71,82,55,41,11,38,48,48,48,48,48,1482.52613749
21,8,53,31,31,54,90,90,90,90,90,29872.5108283
54,20,23,35,76,76,15,15,15,15,15,439070.830722
17,43,0,54,66,7,36,36,36,36,36,287476.674897
82,68,100,39,86,14,17,17,17,17,17,636177.904713
20,23,44,23,77,58,72,72,72,72,72,456576.69071
5,20,26,53,90,55,43,43,43,43,43,729049.65483
95,58,21,94,66,70,3,3,3,3,3,287669.341362
61,92,50,88,37,93,20,20,20,20,20,50692.3245199
47,33,46,5,30,62,64,64,64,64,64,27125.0381671
92,88,75,61,33,36,11,11,11,11,11,36106.1489329
93,82,58,15,95,45,50,50,50,50,50,857552.335048
26,70,90,77,40,79,40,40,40,40,40,64171.1718679
2,26,93,13,54,6,52,52,52,52,52,157579.246687
52,3,56,32,6,95,47,47,47,47,47,324.974786705
94,18,76,32,48,75,59,59,59,59,59,110749.033656
92,0,47,11,92,87,100,100,100,100,100,778826.00001
74,78,84,7,11,88,13,13,13,13,13,1529.74730617
46,45,43,99,63,28,46,46,46,46,46,250173.291452
74,41,42,16,57,8,73,73,73,73,73,185302.208567
81,4,6,29,78,62,61,61,61,61,61,474635.309156
76,91,52,59,41,92,34,34,34,34,34,69059.2816016
77,65,21,91,43,1,93,93,93,93,93,79658.9966143
84,9,13,29,23,36,4,4,4,4,4,12267.0454325
6,46,98,45,78,63,2,2,2,2,2,474698.333168
22,0,13,36,32,15,20,20,20,20,20,32802.0082211
53,12,76,71,61,66,48,48,48,48,48,227104.51218
55,71,89,49,66,92,86,86,86,86,86,287706.571128
58,94,94,89,81,62,76,76,76,76,76,531570.806383
79,97,84,20,23,75,39,39,39,39,39,12367.7348959
3,87,58,55,68,78,59,59,59,59,59,314420.502093
54,65,1,100,44,40,76,76,76,76,76,85292.2374985
53,97,61,2,5,5,41,41,41,41,41,276.731249014
60,82,81,94,3,20,37,37,37,37,37,193.439508174
52,14,37,62,74,3,1,1,1,1,1,405326.13201
2,65,35,31,70,86,73,73,73,73,73,343090.339827
72,40,71,83,86,80,16,16,16,16,16,636229.772891
76,57,42,96,58,37,77,77,77,77,77,195255.844979
59,76,99,95,59,3,6,6,6,6,6,205580.71013
43,90,33,26,14,34,89,89,89,89,89,2901.22225817
70,17,11,78,97,53,44,44,44,44,44,912738.170221
29,12,98,46,22,9,11,11,11,11,11,10769.4629133
99,85,7,92,24,7,55,55,55,55,55,13914.2541062
95,81,47,23,10,74,31,31,31,31,31,1090.13285206
74,61,77,11,9,99,48,48,48,48,48,820.066825823
85,61,49,63,93,52,75,75,75,75,75,804432.234172
95,51,57,56,54,99,12,12,12,12,12,157649.660137
54,29,88,47,52,77,48,48,48,48,48,140730.87819
66,89,48,10,79,64,63,63,63,63,63,493229.002156
10,63,4,99,40,43,40,40,40,40,40,64023.5442023
94,19,16,64,96,57,85,85,85,85,85,884849.767693
94,46,95,6,62,46,20,20,20,20,20,238558.202848
24,42,76,13,71,2,83,83,83,83,83,357972.980253
81,19,25,92,26,56,53,53,53,53,53,17684.0682009
91,49,65,74,18,84,1,1,1,1,1,5940.28097375
2,23,28,10,43,91,90,90,90,90,90,79516.9929096
95,77,45,29,87,1,23,23,23,23,23,658719.446181
32,38,25,27,99,90,63,63,63,63,63,970368.218382
90,97,38,33,42,37,49,49,49,49,49,74253.8218625
24,75,71,96,63,6,99,99,99,99,99,250113.899965
60,72,66,0,83,45,11,11,11,11,11,571931.275282
54,87,99,71,77,13,75,75,75,75,75,456615.452903
41,38,7,54,38,82,18,18,18,18,18,54930.7032169
20,4,71,13,80,78,93,93,93,93,93,512088.392957
95,92,25,67,51,82,99,99,99,99,99,132698.433602
80,52,70,15,17,37,7,7,7,7,7,5114.95492263
30,52,43,69,66,99,1,1,1,1,1,287620.18985
29,94,20,24,61,57,100,100,100,100,100,227006.040735
28,50,49,35,69,75,97,97,97,97,97,328572.453075
30,62,75,77,66,34,54,54,54,54,54,287556.170317
38,42,68,53,81,96,9,9,9,9,9,531508.90202
33,75,59,11,44,21,40,40,40,40,40,85245.9163871
69,24,87,31,66,19,87,87,87,87,87,287629.862082
35,37,36,60,33,44,99,99,99,99,99,35983.8842784
23,66,71,34,47,73,70,70,70,70,70,103915.776707
3,93,9,97,46,85,86,86,86,86,86,97260.1893686
20,80,90,35,77,67,85,85,85,85,85,456563.060725
20,37,75,19,74,51,29,29,29,29,29,405295.338966
1,48,8,19,43,98,86,86,86,86,86,79479.2736535
52,63,33,64,98,4,95,95,95,95,95,941288.463569
7,95,57,55,12,1,45,45,45,45,45,1856.05687039
58,47,22,55,39,33,12,12,12,12,12,59403.8081816
33,96,17,62,100,76,4,4,4,4,4,1000143.68524
37,45,47,84,39,71,41,41,41,41,41,59442.0238489
85,49,39,92,5,53,12,12,12,12,12,201.486653945
9,87,41,53,75,53,89,89,89,89,89,421853.897773
10,89,9,22,52,83,5,5,5,5,5,140703.537326
93,7,67,15,38,4,75,75,75,75,75,55037.2493279
57,44,21,11,63,60,91,91,91,91,91,250124.778894
2,47,84,87,87,23,4,4,4,4,4,658593.986119
100,7,29,72,35,27,45,45,45,45,45,43008.8527296
41,6,35,44,74,18,94,94,94,94,94,405298.341209
9,7,69,75,78,95,27,27,27,27,27,474634.211125
2,96,2,80,33,93,65,65,65,65,65,36034.4305349
47,36,54,88,34,7,30,30,30,30,30,39369.3313596
94,0,44,38,20,94,81,81,81,81,81,8138.29636858
1,92,100,62,17,22,85,85,85,85,85,4941.5499409
77,76,77,3,23,62,100,100,100,100,100,12364.1653004
4,44,51,39,26,42,57,57,57,57,57,17632.7426801
70,11,90,92,46,43,71,71,71,71,71,97484.2206417
7,35,95,85,51,97,35,35,35,35,35,132737.837531
88,39,62,5,52,29,2,2,2,2,2,140794.629096
69,40,53,90,16,39,50,50,50,50,50,4248.69852308
10,62,3,71,46,55,98,98,98,98,98,97304.1218515
62,32,30,14,34,12,49,49,49,49,49,39414.6362612
76,90,3,59,85,2,65,65,65,65,65,614285.150429
50,99,23,43,21,48,50,50,50,50,50,9234.24674867
53,71,48,96,10,74,28,28,28,28,28,1169.50846813
31,86,90,52,40,36,50,50,50,50,50,64042.5692011
85,60,87,31,72,63,41,41,41,41,41,373401.307325
19,83,92,86,34,52,72,72,72,72,72,39494.4507918
95,5,7,83,18,56,90,90,90,90,90,5930.17374309
92,17,30,27,49,2,44,44,44,44,44,117755.66661
80,1,24,15,69,62,98,98,98,98,98,328614.491759
98,64,42,80,16,50,58,58,58,58,58,4293.88777779
76,36,97,55,98,21,87,87,87,87,87,941328.296206
15,27,77,80,33,17,75,75,75,75,75,36053.8282614
49,22,29,38,16,9,74,74,74,74,74,4174.10163977
56,13,26,10,59,32,32,32,32,32,32,205465.91815
7,95,82,18,71,93,11,11,11,11,11,358064.158876
40,100,78,93,42,42,21,21,21,21,21,74154.4151537
97,68,82,83,18,22,87,87,87,87,87,5950.90928217
93,23,12,49,43,93,70,70,70,70,70,79591.5831781
100,28,33,19,100,38,93,93,93,93,93,1000140.73524
35,77,70,7,30,62,56,56,56,56,56,27182.6200388
50,89,71,94,54,84,51,51,51,51,51,157661.300925
17,79,88,14,99,77,45,45,45,45,45,970369.905707
59,38,54,59,60,7,88,88,88,88,88,216124.898744
92,58,84,0,67,62,19,19,19,19,19,300996.586614
86,55,9,21,65,15,67,67,67,67,67,274665.850121
45,45,6,85,43,62,7,7,7,7,7,79596.114583
77,73,64,30,85,79,38,38,38,38,38,614215.607616
67,61,65,70,92,16,68,68,68,68,68,778761.840707
0,17,80,3,9,61,27,27,27,27,27,792.797362646
76,87,83,73,28,60,45,45,45,45,45,22038.8250763
6,85,26,63,33,39,11,11,11,11,11,35954.200928
85,88,23,21,13,36,23,23,23,23,23,2308.95170628
21,35,48,69,52,43,87,87,87,87,87,140661.898822
83,71,44,73,2,60,31,31,31,31,31,201.848108424
96,62,46,26,35,80,14,14,14,14,14,42971.9333553
77,62,36,96,63,98,94,94,94,94,94,250115.154385
23,49,0,59,0,37,29,29,29,29,29,-23.0971419781
14,77,100,18,30,28,86,86,86,86,86,27190.212065
19,55,17,50,66,89,14,14,14,14,14,287476.751091
48,73,21,78,69,45,6,6,6,6,6,328529.109626
16,25,39,11,77,35,80,80,80,80,80,456583.691216
5,33,71,75,19,44,68,68,68,68,68,6967.60930975
95,91,68,16,40,83,96,96,96,96,96,64172.3569603
37,50,12,39,3,49,55,55,55,55,55,63.8450527011
48,47,60,30,49,53,74,74,74,74,74,117761.819905
97,58,39,42,29,66,34,34,34,34,34,24581.670092
2,44,14,15,1,12,41,41,41,41,41,18.4291725448
1,55,74,82,58,72,57,57,57,57,57,195132.326694
52,4,50,74,45,83,2,2,2,2,2,91222.9876438
81,6,91,79,65,47,11,11,11,11,11,274794.879394
97,8,3,35,85,82,73,73,73,73,73,614232.486683
27,40,48,73,74,57,21,21,21,21,21,405328.127754
76,46,51,48,3,96,95,95,95,95,95,194.714009331
99,0,99,8,45,18,2,2,2,2,2,91323.9893582
67,38,26,31,70,2,45,45,45,45,45,343103.911959
71,49,94,44,54,24,16,16,16,16,16,157582.283822
67,14,31,0,27,69,51,51,51,51,51,19794.868503
50,4,68,90,90,98,29,29,29,29,29,729115.866787
25,7,48,57,77,87,22,22,22,22,22,456611.035071
14,90,74,7,22,65,67,67,67,67,67,10817.1166863
35,50,45,40,61,27,5,5,5,5,5,227048.62637
96,70,50,18,51,6,36,36,36,36,36,132850.42136
17,32,37,41,73,93,89,89,89,89,89,389088.487031
67,82,62,37,25,59,17,17,17,17,17,15779.041222
100,88,43,90,62,97,1,1,1,1,1,238475.009047
100,54,64,32,96,100,29,29,29,29,29,884870.376818
94,28,16,81,95,25,27,27,27,27,27,857491.955474
78,44,84,93,70,46,5,5,5,5,5,343161.830603
25,61,90,32,33,41,94,94,94,94,94,35993.6182427
97,7,38,64,82,2,86,86,86,86,86,551508.572923
53,50,59,65,69,80,44,44,44,44,44,328608.708086
100,46,11,4,33,45,16,16,16,16,16,36088.7254615
96,32,56,42,91,84,79,79,79,79,79,753739.729132
10,61,20,26,15,19,40,40,40,40,40,3346.82937448
95,42,13,6,85,83,14,14,14,14,14,614194.226679
67,100,55,87,78,32,73,73,73,73,73,474622.541618
12,53,41,62,14,81,23,23,23,23,23,2817.24485226
88,40,97,57,49,89,29,29,29,29,29,117864.240691
41,31,85,38,5,67,38,38,38,38,38,238.771201574
26,28,37,31,82,32,79,79,79,79,79,551438.181324
43,86,33,68,40,62,68,68,68,68,68,63995.6846459
21,35,93,56,22,99,81,81,81,81,81,10746.4920556
58,63,18,62,78,28,79,79,79,79,79,474637.804228
36,37,71,10,11,78,29,29,29,29,29,1413.64506795
89,75,38,9,13,85,48,48,48,48,48,2295.32849583
63,4,32,94,15,50,96,96,96,96,96,3466.72753803
88,42,5,100,32,54,73,73,73,73,73,32821.9997293
87,15,97,82,85,68,11,11,11,11,11,614319.067546
18,66,71,23,24,35,7,7,7,7,7,13910.4014034
76,13,80,43,51,91,91,91,91,91,91,132811.630397
78,97,64,65,44,68,18,18,18,18,18,85363.6487794
5,70,59,3,13,45,100,100,100,100,100,2315.31346772
44,84,30,57,69,35,77,77,77,77,77,328645.024152
39,81,23,5,64,74,59,59,59,59,59,262154.020148
31,1,85,2,45,93,35,35,35,35,35,91242.7507684
18,19,31,16,99,95,87,87,87,87,87,970350.559764
100,40,61,7,53,2,38,38,38,38,38,149068.515504
86,58,7,43,84,44,93,93,93,93,93,592853.754839
77,2,78,84,28,65,92,92,92,92,92,22109.5517852
34,61,17,72,32,37,55,55,55,55,55,32760.3206394
56,35,88,90,68,35,21,21,21,21,21,314561.907603
21,4,53,69,73,97,89,89,89,89,89,389087.858005
14,85,4,20,65,30,96,96,96,96,96,274628.946518
62,9,8,97,53,50,2,2,2,2,2,148951.088674
4,76,28,87,42,42,56,56,56,56,56,74162.2023626
86,10,76,15,58,78,91,91,91,91,91,195269.210077
48,32,85,7,72,61,13,13,13,13,13,373399.30264
43,22,77,49,92,57,89,89,89,89,89,778806.851519
83,79,48,63,56,52,23,23,23,23,23,175712.082455
2,80,18,41,59,37,64,64,64,64,64,205319.330285
64,67,28,95,29,14,87,87,87,87,87,24424.3634231
26,30,69,56,76,77,55,55,55,55,55,439040.8375
8,46,36,79,39,68,87,87,87,87,87,59404.0381513
